reg;jour;n_dose1;n_dose2;n_cum_dose1;n_cum_dose2;couv_dose1;couv_dose2
01;2020-12-27;0;0;0;0;0.0;0.0
01;2020-12-28;0;0;0;0;0.0;0.0
01;2020-12-29;0;0;0;0;0.0;0.0
01;2020-12-30;0;0;0;0;0.0;0.0
01;2020-12-31;0;0;0;0;0.0;0.0
01;2021-01-01;0;0;0;0;0.0;0.0
01;2021-01-02;0;0;0;0;0.0;0.0
01;2021-01-03;0;0;0;0;0.0;0.0
01;2021-01-04;0;0;0;0;0.0;0.0
01;2021-01-05;0;0;0;0;0.0;0.0
01;2021-01-06;0;0;0;0;0.0;0.0
01;2021-01-07;0;0;0;0;0.0;0.0
01;2021-01-08;1;0;1;0;0.0;0.0
01;2021-01-09;2;0;3;0;0.0;0.0
01;2021-01-10;0;0;3;0;0.0;0.0
01;2021-01-11;0;0;3;0;0.0;0.0
01;2021-01-12;20;0;23;0;0.0;0.0
01;2021-01-13;18;0;41;0;0.0;0.0
01;2021-01-14;68;0;109;0;0.0;0.0
01;2021-01-15;52;0;161;0;0.0;0.0
01;2021-01-16;0;0;161;0;0.0;0.0
01;2021-01-17;0;0;161;0;0.0;0.0
01;2021-01-18;66;0;227;0;0.1;0.0
01;2021-01-19;107;0;334;0;0.1;0.0
01;2021-01-20;67;0;401;0;0.1;0.0
01;2021-01-21;107;0;508;0;0.1;0.0
01;2021-01-22;86;0;594;0;0.2;0.0
01;2021-01-23;1;0;595;0;0.2;0.0
01;2021-01-24;0;0;595;0;0.2;0.0
01;2021-01-25;91;0;686;0;0.2;0.0
01;2021-01-26;125;1;811;1;0.2;0.0
01;2021-01-27;203;0;1014;1;0.3;0.0
01;2021-01-28;112;2;1126;3;0.3;0.0
01;2021-01-29;124;2;1250;5;0.3;0.0
01;2021-01-30;2;0;1252;5;0.3;0.0
01;2021-01-31;0;0;1252;5;0.3;0.0
01;2021-02-01;95;5;1347;10;0.4;0.0
01;2021-02-02;158;24;1505;34;0.4;0.0
01;2021-02-03;135;8;1640;42;0.4;0.0
01;2021-02-04;145;25;1785;67;0.5;0.0
01;2021-02-05;149;28;1934;95;0.5;0.0
01;2021-02-06;1;0;1935;95;0.5;0.0
01;2021-02-07;0;0;1935;95;0.5;0.0
01;2021-02-08;106;20;2041;115;0.5;0.0
01;2021-02-09;207;38;2248;153;0.6;0.0
01;2021-02-10;135;40;2383;193;0.6;0.1
01;2021-02-11;203;111;2586;304;0.7;0.1
01;2021-02-12;236;41;2822;345;0.7;0.1
01;2021-02-13;0;9;2822;354;0.7;0.1
01;2021-02-14;12;33;2834;387;0.8;0.1
01;2021-02-15;92;32;2926;419;0.8;0.1
01;2021-02-16;13;1;2939;420;0.8;0.1
01;2021-02-17;0;0;2939;420;0.8;0.1
01;2021-02-18;169;38;3108;458;0.8;0.1
01;2021-02-19;223;60;3331;518;0.9;0.1
01;2021-02-20;0;0;3331;518;0.9;0.1
01;2021-02-21;0;0;3331;518;0.9;0.1
01;2021-02-22;107;62;3438;580;0.9;0.2
01;2021-02-23;172;89;3610;669;1.0;0.2
01;2021-02-24;207;112;3817;781;1.0;0.2
01;2021-02-25;243;77;4060;858;1.1;0.2
01;2021-02-26;117;99;4177;957;1.1;0.3
01;2021-02-27;0;0;4177;957;1.1;0.3
01;2021-02-28;1;0;4178;957;1.1;0.3
01;2021-03-01;55;83;4233;1040;1.1;0.3
01;2021-03-02;190;157;4423;1197;1.2;0.3
01;2021-03-03;89;134;4512;1331;1.2;0.4
01;2021-03-04;164;99;4676;1430;1.2;0.4
01;2021-03-05;234;130;4910;1560;1.3;0.4
01;2021-03-06;74;0;4984;1560;1.3;0.4
01;2021-03-07;0;0;4984;1560;1.3;0.4
01;2021-03-08;152;122;5136;1682;1.4;0.4
01;2021-03-09;234;170;5370;1852;1.4;0.5
01;2021-03-10;240;159;5610;2011;1.5;0.5
01;2021-03-11;97;43;5707;2054;1.5;0.5
01;2021-03-12;227;190;5934;2244;1.6;0.6
01;2021-03-13;51;16;5985;2260;1.6;0.6
01;2021-03-14;2;0;5987;2260;1.6;0.6
01;2021-03-15;169;34;6156;2294;1.6;0.6
01;2021-03-16;286;73;6442;2367;1.7;0.6
01;2021-03-17;214;141;6656;2508;1.8;0.7
01;2021-03-18;313;167;6969;2675;1.8;0.7
01;2021-03-19;351;92;7320;2767;1.9;0.7
01;2021-03-20;3;0;7323;2767;1.9;0.7
01;2021-03-21;0;0;7323;2767;1.9;0.7
01;2021-03-22;135;82;7458;2849;2.0;0.8
01;2021-03-23;299;146;7757;2995;2.1;0.8
01;2021-03-24;249;97;8006;3092;2.1;0.8
01;2021-03-25;503;133;8509;3225;2.3;0.9
01;2021-03-26;461;129;8970;3354;2.4;0.9
01;2021-03-27;228;1;9198;3355;2.4;0.9
01;2021-03-28;4;0;9202;3355;2.4;0.9
01;2021-03-29;192;74;9394;3429;2.5;0.9
01;2021-03-30;484;197;9878;3626;2.6;1.0
01;2021-03-31;332;145;10210;3771;2.7;1.0
01;2021-04-01;424;161;10634;3932;2.8;1.0
01;2021-04-02;33;24;10667;3956;2.8;1.0
01;2021-04-03;40;1;10707;3957;2.8;1.0
01;2021-04-04;4;2;10711;3959;2.8;1.1
01;2021-04-05;0;0;10711;3959;2.8;1.1
01;2021-04-06;248;176;10959;4135;2.9;1.1
01;2021-04-07;367;121;11326;4256;3.0;1.1
01;2021-04-08;291;189;11617;4445;3.1;1.2
01;2021-04-09;294;217;11911;4662;3.2;1.2
01;2021-04-10;88;25;11999;4687;3.2;1.2
01;2021-04-11;0;0;11999;4687;3.2;1.2
01;2021-04-12;129;196;12128;4883;3.2;1.3
01;2021-04-13;276;285;12404;5168;3.3;1.4
02;2020-12-27;0;0;0;0;0.0;0.0
02;2020-12-28;0;0;0;0;0.0;0.0
02;2020-12-29;0;0;0;0;0.0;0.0
02;2020-12-30;0;0;0;0;0.0;0.0
02;2020-12-31;0;0;0;0;0.0;0.0
02;2021-01-01;0;0;0;0;0.0;0.0
02;2021-01-02;0;0;0;0;0.0;0.0
02;2021-01-03;0;0;0;0;0.0;0.0
02;2021-01-04;0;0;0;0;0.0;0.0
02;2021-01-05;0;0;0;0;0.0;0.0
02;2021-01-06;5;0;5;0;0.0;0.0
02;2021-01-07;31;0;36;0;0.0;0.0
02;2021-01-08;79;0;115;0;0.0;0.0
02;2021-01-09;20;0;135;0;0.0;0.0
02;2021-01-10;0;0;135;0;0.0;0.0
02;2021-01-11;117;0;252;0;0.1;0.0
02;2021-01-12;78;0;330;0;0.1;0.0
02;2021-01-13;64;0;394;0;0.1;0.0
02;2021-01-14;81;0;475;0;0.1;0.0
02;2021-01-15;130;0;605;0;0.2;0.0
02;2021-01-16;51;1;656;1;0.2;0.0
02;2021-01-17;0;0;656;1;0.2;0.0
02;2021-01-18;158;0;814;1;0.2;0.0
02;2021-01-19;140;0;954;1;0.3;0.0
02;2021-01-20;163;0;1117;1;0.3;0.0
02;2021-01-21;181;0;1298;1;0.4;0.0
02;2021-01-22;156;0;1454;1;0.4;0.0
02;2021-01-23;58;0;1512;1;0.4;0.0
02;2021-01-24;0;0;1512;1;0.4;0.0
02;2021-01-25;159;0;1671;1;0.5;0.0
02;2021-01-26;132;0;1803;1;0.5;0.0
02;2021-01-27;160;6;1963;7;0.5;0.0
02;2021-01-28;143;24;2106;31;0.6;0.0
02;2021-01-29;143;57;2249;88;0.6;0.0
02;2021-01-30;95;16;2344;104;0.7;0.0
02;2021-01-31;0;0;2344;104;0.7;0.0
02;2021-02-01;119;105;2463;209;0.7;0.1
02;2021-02-02;184;82;2647;291;0.7;0.1
02;2021-02-03;127;71;2774;362;0.8;0.1
02;2021-02-04;158;63;2932;425;0.8;0.1
02;2021-02-05;120;87;3052;512;0.9;0.1
02;2021-02-06;62;25;3114;537;0.9;0.1
02;2021-02-07;1;0;3115;537;0.9;0.1
02;2021-02-08;136;95;3251;632;0.9;0.2
02;2021-02-09;174;70;3425;702;1.0;0.2
02;2021-02-10;138;89;3563;791;1.0;0.2
02;2021-02-11;143;110;3706;901;1.0;0.3
02;2021-02-12;123;124;3829;1025;1.1;0.3
02;2021-02-13;38;39;3867;1064;1.1;0.3
02;2021-02-14;0;0;3867;1064;1.1;0.3
02;2021-02-15;51;63;3918;1127;1.1;0.3
02;2021-02-16;0;0;3918;1127;1.1;0.3
02;2021-02-17;0;2;3918;1129;1.1;0.3
02;2021-02-18;68;130;3986;1259;1.1;0.4
02;2021-02-19;69;129;4055;1388;1.1;0.4
02;2021-02-20;48;69;4103;1457;1.1;0.4
02;2021-02-21;0;0;4103;1457;1.1;0.4
02;2021-02-22;99;135;4202;1592;1.2;0.4
02;2021-02-23;113;221;4315;1813;1.2;0.5
02;2021-02-24;104;173;4419;1986;1.2;0.6
02;2021-02-25;89;157;4508;2143;1.3;0.6
02;2021-02-26;112;166;4620;2309;1.3;0.6
02;2021-02-27;69;52;4689;2361;1.3;0.7
02;2021-02-28;0;0;4689;2361;1.3;0.7
02;2021-03-01;138;138;4827;2499;1.3;0.7
02;2021-03-02;156;116;4983;2615;1.4;0.7
02;2021-03-03;178;104;5161;2719;1.4;0.8
02;2021-03-04;144;131;5305;2850;1.5;0.8
02;2021-03-05;239;119;5544;2969;1.5;0.8
02;2021-03-06;117;59;5661;3028;1.6;0.8
02;2021-03-07;98;0;5759;3028;1.6;0.8
02;2021-03-08;194;125;5953;3153;1.7;0.9
02;2021-03-09;273;124;6226;3277;1.7;0.9
02;2021-03-10;321;118;6547;3395;1.8;0.9
02;2021-03-11;322;71;6869;3466;1.9;1.0
02;2021-03-12;388;45;7257;3511;2.0;1.0
02;2021-03-13;153;21;7410;3532;2.1;1.0
02;2021-03-14;7;0;7417;3532;2.1;1.0
02;2021-03-15;275;93;7692;3625;2.1;1.0
02;2021-03-16;304;48;7996;3673;2.2;1.0
02;2021-03-17;385;42;8381;3715;2.3;1.0
02;2021-03-18;423;33;8804;3748;2.5;1.0
02;2021-03-19;385;65;9189;3813;2.6;1.1
02;2021-03-20;147;38;9336;3851;2.6;1.1
02;2021-03-21;25;1;9361;3852;2.6;1.1
02;2021-03-22;355;109;9716;3961;2.7;1.1
02;2021-03-23;355;123;10071;4084;2.8;1.1
02;2021-03-24;411;90;10482;4174;2.9;1.2
02;2021-03-25;431;87;10913;4261;3.0;1.2
02;2021-03-26;604;92;11517;4353;3.2;1.2
02;2021-03-27;149;69;11666;4422;3.3;1.2
02;2021-03-28;81;4;11747;4426;3.3;1.2
02;2021-03-29;412;152;12159;4578;3.4;1.3
02;2021-03-30;462;243;12621;4821;3.5;1.3
02;2021-03-31;1118;174;13739;4995;3.8;1.4
02;2021-04-01;893;165;14632;5160;4.1;1.4
02;2021-04-02;885;1;15517;5161;4.3;1.4
02;2021-04-03;782;37;16299;5198;4.5;1.4
02;2021-04-04;749;2;17048;5200;4.8;1.4
02;2021-04-05;820;5;17868;5205;5.0;1.5
02;2021-04-06;869;122;18737;5327;5.2;1.5
02;2021-04-07;1391;276;20128;5603;5.6;1.6
02;2021-04-08;1254;258;21382;5861;6.0;1.6
02;2021-04-09;1216;280;22598;6141;6.3;1.7
02;2021-04-10;833;142;23431;6283;6.5;1.8
02;2021-04-11;618;7;24049;6290;6.7;1.8
02;2021-04-12;843;275;24892;6565;6.9;1.8
02;2021-04-13;787;294;25679;6859;7.2;1.9
03;2020-12-27;0;0;0;0;0.0;0.0
03;2020-12-28;0;0;0;0;0.0;0.0
03;2020-12-29;0;0;0;0;0.0;0.0
03;2020-12-30;0;0;0;0;0.0;0.0
03;2020-12-31;0;0;0;0;0.0;0.0
03;2021-01-01;0;0;0;0;0.0;0.0
03;2021-01-02;0;0;0;0;0.0;0.0
03;2021-01-03;0;0;0;0;0.0;0.0
03;2021-01-04;0;0;0;0;0.0;0.0
03;2021-01-05;0;0;0;0;0.0;0.0
03;2021-01-06;0;0;0;0;0.0;0.0
03;2021-01-07;0;0;0;0;0.0;0.0
03;2021-01-08;0;0;0;0;0.0;0.0
03;2021-01-09;0;0;0;0;0.0;0.0
03;2021-01-10;0;0;0;0;0.0;0.0
03;2021-01-11;0;0;0;0;0.0;0.0
03;2021-01-12;0;0;0;0;0.0;0.0
03;2021-01-13;30;0;30;0;0.0;0.0
03;2021-01-14;46;0;76;0;0.0;0.0
03;2021-01-15;34;0;110;0;0.0;0.0
03;2021-01-16;18;0;128;0;0.0;0.0
03;2021-01-17;0;0;128;0;0.0;0.0
03;2021-01-18;62;0;190;0;0.1;0.0
03;2021-01-19;146;0;336;0;0.1;0.0
03;2021-01-20;132;0;468;0;0.2;0.0
03;2021-01-21;118;0;586;0;0.2;0.0
03;2021-01-22;75;0;661;0;0.2;0.0
03;2021-01-23;0;0;661;0;0.2;0.0
03;2021-01-24;0;0;661;0;0.2;0.0
03;2021-01-25;56;0;717;0;0.2;0.0
03;2021-01-26;100;0;817;0;0.3;0.0
03;2021-01-27;109;0;926;0;0.3;0.0
03;2021-01-28;96;2;1022;2;0.4;0.0
03;2021-01-29;103;2;1125;4;0.4;0.0
03;2021-01-30;0;0;1125;4;0.4;0.0
03;2021-01-31;0;0;1125;4;0.4;0.0
03;2021-02-01;54;0;1179;4;0.4;0.0
03;2021-02-02;122;4;1301;8;0.4;0.0
03;2021-02-03;115;18;1416;26;0.5;0.0
03;2021-02-04;79;37;1495;63;0.5;0.0
03;2021-02-05;65;7;1560;70;0.5;0.0
03;2021-02-06;0;0;1560;70;0.5;0.0
03;2021-02-07;0;0;1560;70;0.5;0.0
03;2021-02-08;50;12;1610;82;0.6;0.0
03;2021-02-09;92;38;1702;120;0.6;0.0
03;2021-02-10;100;80;1802;200;0.6;0.1
03;2021-02-11;100;72;1902;272;0.7;0.1
03;2021-02-12;86;43;1988;315;0.7;0.1
03;2021-02-13;0;0;1988;315;0.7;0.1
03;2021-02-14;0;0;1988;315;0.7;0.1
03;2021-02-15;27;64;2015;379;0.7;0.1
03;2021-02-16;122;51;2137;430;0.7;0.1
03;2021-02-17;144;125;2281;555;0.8;0.2
03;2021-02-18;102;140;2383;695;0.8;0.2
03;2021-02-19;121;72;2504;767;0.9;0.3
03;2021-02-20;0;0;2504;767;0.9;0.3
03;2021-02-21;0;0;2504;767;0.9;0.3
03;2021-02-22;78;48;2582;815;0.9;0.3
03;2021-02-23;156;95;2738;910;0.9;0.3
03;2021-02-24;186;119;2924;1029;1.0;0.4
03;2021-02-25;255;91;3179;1120;1.1;0.4
03;2021-02-26;264;67;3443;1187;1.2;0.4
03;2021-02-27;118;1;3561;1188;1.2;0.4
03;2021-02-28;0;0;3561;1188;1.2;0.4
03;2021-03-01;173;87;3734;1275;1.3;0.4
03;2021-03-02;252;105;3986;1380;1.4;0.5
03;2021-03-03;253;126;4239;1506;1.5;0.5
03;2021-03-04;277;74;4516;1580;1.6;0.5
03;2021-03-05;261;62;4777;1642;1.6;0.6
03;2021-03-06;116;1;4893;1643;1.7;0.6
03;2021-03-07;0;0;4893;1643;1.7;0.6
03;2021-03-08;186;33;5079;1676;1.7;0.6
03;2021-03-09;334;77;5413;1753;1.9;0.6
03;2021-03-10;350;111;5763;1864;2.0;0.6
03;2021-03-11;259;115;6022;1979;2.1;0.7
03;2021-03-12;284;89;6306;2068;2.2;0.7
03;2021-03-13;110;2;6416;2070;2.2;0.7
03;2021-03-14;0;0;6416;2070;2.2;0.7
03;2021-03-15;180;23;6596;2093;2.3;0.7
03;2021-03-16;236;136;6832;2229;2.4;0.8
03;2021-03-17;267;137;7099;2366;2.4;0.8
03;2021-03-18;250;129;7349;2495;2.5;0.9
03;2021-03-19;278;114;7627;2609;2.6;0.9
03;2021-03-20;251;12;7878;2621;2.7;0.9
03;2021-03-21;118;1;7996;2622;2.8;0.9
03;2021-03-22;214;98;8210;2720;2.8;0.9
03;2021-03-23;244;179;8454;2899;2.9;1.0
03;2021-03-24;223;195;8677;3094;3.0;1.1
03;2021-03-25;147;170;8824;3264;3.0;1.1
03;2021-03-26;161;263;8985;3527;3.1;1.2
03;2021-03-27;48;89;9033;3616;3.1;1.2
03;2021-03-28;0;0;9033;3616;3.1;1.2
03;2021-03-29;144;221;9177;3837;3.2;1.3
03;2021-03-30;285;213;9462;4050;3.3;1.4
03;2021-03-31;242;251;9704;4301;3.3;1.5
03;2021-04-01;359;273;10063;4574;3.5;1.6
03;2021-04-02;240;230;10303;4804;3.5;1.7
03;2021-04-03;102;114;10405;4918;3.6;1.7
03;2021-04-04;0;0;10405;4918;3.6;1.7
03;2021-04-05;117;7;10522;4925;3.6;1.7
03;2021-04-06;345;332;10867;5257;3.7;1.8
03;2021-04-07;407;308;11274;5565;3.9;1.9
03;2021-04-08;406;211;11680;5776;4.0;2.0
03;2021-04-09;434;207;12114;5983;4.2;2.1
03;2021-04-10;143;86;12257;6069;4.2;2.1
03;2021-04-11;0;0;12257;6069;4.2;2.1
03;2021-04-12;484;237;12741;6306;4.4;2.2
03;2021-04-13;559;200;13300;6506;4.6;2.2
04;2020-12-27;0;0;0;0;0.0;0.0
04;2020-12-28;0;0;0;0;0.0;0.0
04;2020-12-29;0;0;0;0;0.0;0.0
04;2020-12-30;0;0;0;0;0.0;0.0
04;2020-12-31;0;0;0;0;0.0;0.0
04;2021-01-01;1;0;1;0;0.0;0.0
04;2021-01-02;0;0;1;0;0.0;0.0
04;2021-01-03;0;0;1;0;0.0;0.0
04;2021-01-04;0;0;1;0;0.0;0.0
04;2021-01-05;2;0;3;0;0.0;0.0
04;2021-01-06;0;0;3;0;0.0;0.0
04;2021-01-07;0;0;3;0;0.0;0.0
04;2021-01-08;0;0;3;0;0.0;0.0
04;2021-01-09;1;0;4;0;0.0;0.0
04;2021-01-10;0;0;4;0;0.0;0.0
04;2021-01-11;0;0;4;0;0.0;0.0
04;2021-01-12;0;0;4;0;0.0;0.0
04;2021-01-13;0;0;4;0;0.0;0.0
04;2021-01-14;0;0;4;0;0.0;0.0
04;2021-01-15;332;0;336;0;0.0;0.0
04;2021-01-16;27;0;363;0;0.0;0.0
04;2021-01-17;0;0;363;0;0.0;0.0
04;2021-01-18;49;0;412;0;0.0;0.0
04;2021-01-19;394;0;806;0;0.1;0.0
04;2021-01-20;450;0;1256;0;0.1;0.0
04;2021-01-21;609;1;1865;1;0.2;0.0
04;2021-01-22;409;0;2274;1;0.3;0.0
04;2021-01-23;75;0;2349;1;0.3;0.0
04;2021-01-24;0;0;2349;1;0.3;0.0
04;2021-01-25;271;0;2620;1;0.3;0.0
04;2021-01-26;429;0;3049;1;0.4;0.0
04;2021-01-27;317;0;3366;1;0.4;0.0
04;2021-01-28;406;0;3772;1;0.4;0.0
04;2021-01-29;421;3;4193;4;0.5;0.0
04;2021-01-30;419;1;4612;5;0.5;0.0
04;2021-01-31;0;0;4612;5;0.5;0.0
04;2021-02-01;372;5;4984;10;0.6;0.0
04;2021-02-02;496;3;5480;13;0.6;0.0
04;2021-02-03;590;13;6070;26;0.7;0.0
04;2021-02-04;626;21;6696;47;0.8;0.0
04;2021-02-05;564;241;7260;288;0.8;0.0
04;2021-02-06;500;4;7760;292;0.9;0.0
04;2021-02-07;0;0;7760;292;0.9;0.0
04;2021-02-08;464;34;8224;326;1.0;0.0
04;2021-02-09;770;117;8994;443;1.0;0.1
04;2021-02-10;749;93;9743;536;1.1;0.1
04;2021-02-11;779;109;10522;645;1.2;0.1
04;2021-02-12;635;80;11157;725;1.3;0.1
04;2021-02-13;544;28;11701;753;1.4;0.1
04;2021-02-14;1;0;11702;753;1.4;0.1
04;2021-02-15;524;154;12226;907;1.4;0.1
04;2021-02-16;648;515;12874;1422;1.5;0.2
04;2021-02-17;526;370;13400;1792;1.6;0.2
04;2021-02-18;493;474;13893;2266;1.6;0.3
04;2021-02-19;496;285;14389;2551;1.7;0.3
04;2021-02-20;576;108;14965;2659;1.7;0.3
04;2021-02-21;0;0;14965;2659;1.7;0.3
04;2021-02-22;400;232;15365;2891;1.8;0.3
04;2021-02-23;607;236;15972;3127;1.9;0.4
04;2021-02-24;580;271;16552;3398;1.9;0.4
04;2021-02-25;641;310;17193;3708;2.0;0.4
04;2021-02-26;483;461;17676;4169;2.1;0.5
04;2021-02-27;344;429;18020;4598;2.1;0.5
04;2021-02-28;0;0;18020;4598;2.1;0.5
04;2021-03-01;288;410;18308;5008;2.1;0.6
04;2021-03-02;483;611;18791;5619;2.2;0.7
04;2021-03-03;754;685;19545;6304;2.3;0.7
04;2021-03-04;759;639;20304;6943;2.4;0.8
04;2021-03-05;726;502;21030;7445;2.4;0.9
04;2021-03-06;812;483;21842;7928;2.5;0.9
04;2021-03-07;0;0;21842;7928;2.5;0.9
04;2021-03-08;434;490;22276;8418;2.6;1.0
04;2021-03-09;666;683;22942;9101;2.7;1.1
04;2021-03-10;646;753;23588;9854;2.7;1.1
04;2021-03-11;688;703;24276;10557;2.8;1.2
04;2021-03-12;727;620;25003;11177;2.9;1.3
04;2021-03-13;667;597;25670;11774;3.0;1.4
04;2021-03-14;1;0;25671;11774;3.0;1.4
04;2021-03-15;501;491;26172;12265;3.0;1.4
04;2021-03-16;679;715;26851;12980;3.1;1.5
04;2021-03-17;840;575;27691;13555;3.2;1.6
04;2021-03-18;1044;535;28735;14090;3.3;1.6
04;2021-03-19;781;464;29516;14554;3.4;1.7
04;2021-03-20;573;591;30089;15145;3.5;1.8
04;2021-03-21;0;0;30089;15145;3.5;1.8
04;2021-03-22;565;468;30654;15613;3.6;1.8
04;2021-03-23;778;605;31432;16218;3.7;1.9
04;2021-03-24;789;636;32221;16854;3.7;2.0
04;2021-03-25;935;549;33156;17403;3.9;2.0
04;2021-03-26;914;437;34070;17840;4.0;2.1
04;2021-03-27;781;335;34851;18175;4.1;2.1
04;2021-03-28;1;0;34852;18175;4.1;2.1
04;2021-03-29;956;269;35808;18444;4.2;2.1
04;2021-03-30;878;495;36686;18939;4.3;2.2
04;2021-03-31;724;674;37410;19613;4.4;2.3
04;2021-04-01;676;701;38086;20314;4.4;2.4
04;2021-04-02;681;724;38767;21038;4.5;2.4
04;2021-04-03;676;684;39443;21722;4.6;2.5
04;2021-04-04;0;0;39443;21722;4.6;2.5
04;2021-04-05;0;0;39443;21722;4.6;2.5
04;2021-04-06;775;759;40218;22481;4.7;2.6
04;2021-04-07;1315;678;41533;23159;4.8;2.7
04;2021-04-08;1704;755;43237;23914;5.0;2.8
04;2021-04-09;1447;762;44684;24676;5.2;2.9
04;2021-04-10;1125;643;45809;25319;5.3;2.9
04;2021-04-11;2;0;45811;25319;5.3;2.9
04;2021-04-12;1191;519;47002;25838;5.5;3.0
04;2021-04-13;1406;742;48408;26580;5.6;3.1
06;2020-12-27;0;0;0;0;0.0;0.0
06;2020-12-28;0;0;0;0;0.0;0.0
06;2020-12-29;0;0;0;0;0.0;0.0
06;2020-12-30;0;0;0;0;0.0;0.0
06;2020-12-31;0;0;0;0;0.0;0.0
06;2021-01-01;0;0;0;0;0.0;0.0
06;2021-01-02;0;0;0;0;0.0;0.0
06;2021-01-03;0;0;0;0;0.0;0.0
06;2021-01-04;0;0;0;0;0.0;0.0
06;2021-01-05;0;0;0;0;0.0;0.0
06;2021-01-06;0;0;0;0;0.0;0.0
06;2021-01-07;0;0;0;0;0.0;0.0
06;2021-01-08;0;0;0;0;0.0;0.0
06;2021-01-09;0;0;0;0;0.0;0.0
06;2021-01-10;0;0;0;0;0.0;0.0
06;2021-01-11;9;0;9;0;0.0;0.0
06;2021-01-12;0;0;9;0;0.0;0.0
06;2021-01-13;0;0;9;0;0.0;0.0
06;2021-01-14;0;0;9;0;0.0;0.0
06;2021-01-15;0;0;9;0;0.0;0.0
06;2021-01-16;0;0;9;0;0.0;0.0
06;2021-01-17;0;0;9;0;0.0;0.0
06;2021-01-18;0;0;9;0;0.0;0.0
06;2021-01-19;0;0;9;0;0.0;0.0
06;2021-01-20;0;0;9;0;0.0;0.0
06;2021-01-21;0;0;9;0;0.0;0.0
06;2021-01-22;0;0;9;0;0.0;0.0
06;2021-01-23;1;0;10;0;0.0;0.0
06;2021-01-24;0;0;10;0;0.0;0.0
06;2021-01-25;139;0;149;0;0.1;0.0
06;2021-01-26;162;2;311;2;0.1;0.0
06;2021-01-27;249;0;560;2;0.2;0.0
06;2021-01-28;101;4;661;6;0.2;0.0
06;2021-01-29;230;1;891;7;0.3;0.0
06;2021-01-30;284;2;1175;9;0.4;0.0
06;2021-01-31;1;0;1176;9;0.4;0.0
06;2021-02-01;102;3;1278;12;0.5;0.0
06;2021-02-02;328;0;1606;12;0.6;0.0
06;2021-02-03;213;1;1819;13;0.7;0.0
06;2021-02-04;213;2;2032;15;0.7;0.0
06;2021-02-05;211;0;2243;15;0.8;0.0
06;2021-02-06;82;1;2325;16;0.8;0.0
06;2021-02-07;0;0;2325;16;0.8;0.0
06;2021-02-08;81;2;2406;18;0.9;0.0
06;2021-02-09;160;2;2566;20;0.9;0.0
06;2021-02-10;152;0;2718;20;1.0;0.0
06;2021-02-11;224;0;2942;20;1.1;0.0
06;2021-02-12;268;1;3210;21;1.1;0.0
06;2021-02-13;56;0;3266;21;1.2;0.0
06;2021-02-14;1;0;3267;21;1.2;0.0
06;2021-02-15;272;1;3539;22;1.3;0.0
06;2021-02-16;252;7;3791;29;1.4;0.0
06;2021-02-17;166;0;3957;29;1.4;0.0
06;2021-02-18;213;3;4170;32;1.5;0.0
06;2021-02-19;235;7;4405;39;1.6;0.0
06;2021-02-20;138;4;4543;43;1.6;0.0
06;2021-02-21;0;0;4543;43;1.6;0.0
06;2021-02-22;131;159;4674;202;1.7;0.1
06;2021-02-23;186;178;4860;380;1.7;0.1
06;2021-02-24;175;132;5035;512;1.8;0.2
06;2021-02-25;200;237;5235;749;1.9;0.3
06;2021-02-26;238;273;5473;1022;2.0;0.4
06;2021-02-27;0;1;5473;1023;2.0;0.4
06;2021-02-28;0;1;5473;1024;2.0;0.4
06;2021-03-01;137;264;5610;1288;2.0;0.5
06;2021-03-02;206;263;5816;1551;2.1;0.6
06;2021-03-03;163;118;5979;1669;2.1;0.6
06;2021-03-04;176;85;6155;1754;2.2;0.6
06;2021-03-05;105;62;6260;1816;2.2;0.6
06;2021-03-06;0;0;6260;1816;2.2;0.6
06;2021-03-07;0;0;6260;1816;2.2;0.6
06;2021-03-08;125;25;6385;1841;2.3;0.7
06;2021-03-09;328;34;6713;1875;2.4;0.7
06;2021-03-10;109;131;6822;2006;2.4;0.7
06;2021-03-11;107;62;6929;2068;2.5;0.7
06;2021-03-12;169;94;7098;2162;2.5;0.8
06;2021-03-13;1;0;7099;2162;2.5;0.8
06;2021-03-14;0;0;7099;2162;2.5;0.8
06;2021-03-15;142;270;7241;2432;2.6;0.9
06;2021-03-16;208;161;7449;2593;2.7;0.9
06;2021-03-17;232;80;7681;2673;2.7;1.0
06;2021-03-18;163;203;7844;2876;2.8;1.0
06;2021-03-19;147;198;7991;3074;2.9;1.1
06;2021-03-20;0;0;7991;3074;2.9;1.1
06;2021-03-21;0;0;7991;3074;2.9;1.1
06;2021-03-22;94;142;8085;3216;2.9;1.2
06;2021-03-23;136;215;8221;3431;2.9;1.2
06;2021-03-24;159;122;8380;3553;3.0;1.3
06;2021-03-25;180;198;8560;3751;3.1;1.3
06;2021-03-26;127;147;8687;3898;3.1;1.4
06;2021-03-27;6;0;8693;3898;3.1;1.4
06;2021-03-28;0;0;8693;3898;3.1;1.4
06;2021-03-29;0;0;8693;3898;3.1;1.4
06;2021-03-30;246;302;8939;4200;3.2;1.5
06;2021-03-31;201;110;9140;4310;3.3;1.5
06;2021-04-01;191;107;9331;4417;3.3;1.6
06;2021-04-02;161;130;9492;4547;3.4;1.6
06;2021-04-03;661;171;10153;4718;3.6;1.7
06;2021-04-04;0;0;10153;4718;3.6;1.7
06;2021-04-05;0;0;10153;4718;3.6;1.7
06;2021-04-06;125;186;10278;4904;3.7;1.8
06;2021-04-07;175;192;10453;5096;3.7;1.8
06;2021-04-08;222;109;10675;5205;3.8;1.9
06;2021-04-09;239;146;10914;5351;3.9;1.9
06;2021-04-10;107;45;11021;5396;3.9;1.9
06;2021-04-11;7;0;11028;5396;3.9;1.9
06;2021-04-12;0;0;11028;5396;3.9;1.9
06;2021-04-13;221;205;11249;5601;4.0;2.0
07;2020-12-27;0;0;0;0;0.0;0.0
07;2020-12-28;0;0;0;0;0.0;0.0
07;2020-12-29;0;0;0;0;0.0;0.0
07;2020-12-30;0;0;0;0;0.0;0.0
07;2020-12-31;0;0;0;0;0.0;0.0
07;2021-01-01;0;0;0;0;0.0;0.0
07;2021-01-02;0;0;0;0;0.0;0.0
07;2021-01-03;0;0;0;0;0.0;0.0
07;2021-01-04;0;0;0;0;0.0;0.0
07;2021-01-05;0;0;0;0;0.0;0.0
07;2021-01-06;0;0;0;0;0.0;0.0
07;2021-01-07;0;0;0;0;0.0;0.0
07;2021-01-08;0;0;0;0;0.0;0.0
07;2021-01-09;0;0;0;0;0.0;0.0
07;2021-01-10;0;0;0;0;0.0;0.0
07;2021-01-11;0;0;0;0;0.0;0.0
07;2021-01-12;0;0;0;0;0.0;0.0
07;2021-01-13;0;0;0;0;0.0;0.0
07;2021-01-14;0;0;0;0;0.0;0.0
07;2021-01-15;1;0;1;0;0.0;0.0
07;2021-01-16;0;0;1;0;0.0;0.0
07;2021-01-17;0;0;1;0;0.0;0.0
07;2021-01-18;0;0;1;0;0.0;0.0
07;2021-01-19;0;0;1;0;0.0;0.0
07;2021-01-20;0;0;1;0;0.0;0.0
07;2021-01-21;2;0;3;0;0.0;0.0
07;2021-01-22;0;0;3;0;0.0;0.0
07;2021-01-23;0;0;3;0;0.0;0.0
07;2021-01-24;0;0;3;0;0.0;0.0
07;2021-01-25;0;0;3;0;0.0;0.0
07;2021-01-26;0;0;3;0;0.0;0.0
07;2021-01-27;0;0;3;0;0.0;0.0
07;2021-01-28;1;0;4;0;0.0;0.0
07;2021-01-29;0;0;4;0;0.0;0.0
07;2021-01-30;0;0;4;0;0.0;0.0
07;2021-01-31;0;0;4;0;0.0;0.0
07;2021-02-01;0;0;4;0;0.0;0.0
07;2021-02-02;0;0;4;0;0.0;0.0
07;2021-02-03;7;0;11;0;0.1;0.0
07;2021-02-04;12;0;23;0;0.2;0.0
07;2021-02-05;10;2;33;2;0.3;0.0
07;2021-02-06;0;0;33;2;0.3;0.0
07;2021-02-07;0;0;33;2;0.3;0.0
07;2021-02-08;9;0;42;2;0.4;0.0
07;2021-02-09;25;0;67;2;0.7;0.0
07;2021-02-10;18;0;85;2;0.9;0.0
07;2021-02-11;31;0;116;2;1.2;0.0
07;2021-02-12;21;0;137;2;1.4;0.0
07;2021-02-13;0;0;137;2;1.4;0.0
07;2021-02-14;0;0;137;2;1.4;0.0
07;2021-02-15;0;0;137;2;1.4;0.0
07;2021-02-16;1;0;138;2;1.4;0.0
07;2021-02-17;0;1;138;3;1.4;0.0
07;2021-02-18;18;2;156;5;1.6;0.1
07;2021-02-19;22;0;178;5;1.8;0.1
07;2021-02-20;0;0;178;5;1.8;0.1
07;2021-02-21;0;0;178;5;1.8;0.1
07;2021-02-22;0;0;178;5;1.8;0.1
07;2021-02-23;0;0;178;5;1.8;0.1
07;2021-02-24;20;0;198;5;2.0;0.1
07;2021-02-25;15;10;213;15;2.1;0.2
07;2021-02-26;20;10;233;25;2.3;0.3
07;2021-02-27;0;0;233;25;2.3;0.3
07;2021-02-28;0;0;233;25;2.3;0.3
07;2021-03-01;0;0;233;25;2.3;0.3
07;2021-03-02;17;13;250;38;2.5;0.4
07;2021-03-03;0;0;250;38;2.5;0.4
07;2021-03-04;23;20;273;58;2.7;0.6
07;2021-03-05;17;9;290;67;2.9;0.7
07;2021-03-06;0;0;290;67;2.9;0.7
07;2021-03-07;0;0;290;67;2.9;0.7
07;2021-03-08;1;0;291;67;2.9;0.7
07;2021-03-09;1;0;292;67;2.9;0.7
07;2021-03-10;0;0;292;67;2.9;0.7
07;2021-03-11;16;16;308;83;3.1;0.8
07;2021-03-12;28;20;336;103;3.4;1.0
07;2021-03-13;0;0;336;103;3.4;1.0
07;2021-03-14;11;0;347;103;3.5;1.0
07;2021-03-15;1;0;348;103;3.5;1.0
07;2021-03-16;25;11;373;114;3.7;1.1
07;2021-03-17;0;1;373;115;3.7;1.2
07;2021-03-18;26;17;399;132;4.0;1.3
07;2021-03-19;25;18;424;150;4.3;1.5
07;2021-03-20;0;0;424;150;4.3;1.5
07;2021-03-21;8;0;432;150;4.3;1.5
07;2021-03-22;0;0;432;150;4.3;1.5
07;2021-03-23;0;0;432;150;4.3;1.5
07;2021-03-24;0;0;432;150;4.3;1.5
07;2021-03-25;75;23;507;173;5.1;1.7
07;2021-03-26;48;13;555;186;5.6;1.9
07;2021-03-27;0;0;555;186;5.6;1.9
07;2021-03-28;0;0;555;186;5.6;1.9
07;2021-03-29;0;0;555;186;5.6;1.9
07;2021-03-30;34;16;589;202;5.9;2.0
07;2021-03-31;7;0;596;202;6.0;2.0
07;2021-04-01;58;30;654;232;6.6;2.3
07;2021-04-02;7;0;661;232;6.6;2.3
07;2021-04-03;14;0;675;232;6.8;2.3
07;2021-04-04;0;0;675;232;6.8;2.3
07;2021-04-05;0;0;675;232;6.8;2.3
07;2021-04-06;0;0;675;232;6.8;2.3
07;2021-04-07;50;0;725;232;7.3;2.3
07;2021-04-08;101;28;826;260;8.3;2.6
07;2021-04-09;89;21;915;281;9.2;2.8
07;2021-04-10;7;0;922;281;9.3;2.8
07;2021-04-11;0;0;922;281;9.3;2.8
07;2021-04-12;0;0;922;281;9.3;2.8
07;2021-04-13;0;2;922;283;9.3;2.8
08;2020-12-27;0;0;0;0;0.0;0.0
08;2020-12-28;0;0;0;0;0.0;0.0
08;2020-12-29;0;0;0;0;0.0;0.0
08;2020-12-30;0;0;0;0;0.0;0.0
08;2020-12-31;0;0;0;0;0.0;0.0
08;2021-01-01;0;0;0;0;0.0;0.0
08;2021-01-02;0;0;0;0;0.0;0.0
08;2021-01-03;0;0;0;0;0.0;0.0
08;2021-01-04;0;0;0;0;0.0;0.0
08;2021-01-05;0;0;0;0;0.0;0.0
08;2021-01-06;0;0;0;0;0.0;0.0
08;2021-01-07;0;0;0;0;0.0;0.0
08;2021-01-08;0;0;0;0;0.0;0.0
08;2021-01-09;0;0;0;0;0.0;0.0
08;2021-01-10;0;0;0;0;0.0;0.0
08;2021-01-11;0;0;0;0;0.0;0.0
08;2021-01-12;0;0;0;0;0.0;0.0
08;2021-01-13;0;0;0;0;0.0;0.0
08;2021-01-14;0;0;0;0;0.0;0.0
08;2021-01-15;0;0;0;0;0.0;0.0
08;2021-01-16;0;0;0;0;0.0;0.0
08;2021-01-17;0;0;0;0;0.0;0.0
08;2021-01-18;0;0;0;0;0.0;0.0
08;2021-01-19;0;0;0;0;0.0;0.0
08;2021-01-20;0;0;0;0;0.0;0.0
08;2021-01-21;0;0;0;0;0.0;0.0
08;2021-01-22;0;0;0;0;0.0;0.0
08;2021-01-23;0;0;0;0;0.0;0.0
08;2021-01-24;0;0;0;0;0.0;0.0
08;2021-01-25;0;0;0;0;0.0;0.0
08;2021-01-26;0;0;0;0;0.0;0.0
08;2021-01-27;0;0;0;0;0.0;0.0
08;2021-01-28;0;0;0;0;0.0;0.0
08;2021-01-29;0;0;0;0;0.0;0.0
08;2021-01-30;0;0;0;0;0.0;0.0
08;2021-01-31;0;0;0;0;0.0;0.0
08;2021-02-01;0;0;0;0;0.0;0.0
08;2021-02-02;4;0;4;0;0.0;0.0
08;2021-02-03;0;0;4;0;0.0;0.0
08;2021-02-04;27;0;31;0;0.1;0.0
08;2021-02-05;0;0;31;0;0.1;0.0
08;2021-02-06;0;0;31;0;0.1;0.0
08;2021-02-07;0;0;31;0;0.1;0.0
08;2021-02-08;0;0;31;0;0.1;0.0
08;2021-02-09;3;0;34;0;0.1;0.0
08;2021-02-10;3;0;37;0;0.1;0.0
08;2021-02-11;0;0;37;0;0.1;0.0
08;2021-02-12;1;0;38;0;0.1;0.0
08;2021-02-13;0;0;38;0;0.1;0.0
08;2021-02-14;0;0;38;0;0.1;0.0
08;2021-02-15;5;0;43;0;0.1;0.0
08;2021-02-16;0;0;43;0;0.1;0.0
08;2021-02-17;0;0;43;0;0.1;0.0
08;2021-02-18;0;0;43;0;0.1;0.0
08;2021-02-19;4;0;47;0;0.1;0.0
08;2021-02-20;0;0;47;0;0.1;0.0
08;2021-02-21;0;0;47;0;0.1;0.0
08;2021-02-22;4;0;51;0;0.1;0.0
08;2021-02-23;5;0;56;0;0.2;0.0
08;2021-02-24;32;0;88;0;0.2;0.0
08;2021-02-25;51;3;139;3;0.4;0.0
08;2021-02-26;36;4;175;7;0.5;0.0
08;2021-02-27;0;0;175;7;0.5;0.0
08;2021-02-28;0;0;175;7;0.5;0.0
08;2021-03-01;48;2;223;9;0.6;0.0
08;2021-03-02;6;41;229;50;0.6;0.1
08;2021-03-03;37;15;266;65;0.8;0.2
08;2021-03-04;30;20;296;85;0.8;0.2
08;2021-03-05;46;9;342;94;1.0;0.3
08;2021-03-06;0;0;342;94;1.0;0.3
08;2021-03-07;0;0;342;94;1.0;0.3
08;2021-03-08;29;7;371;101;1.0;0.3
08;2021-03-09;19;29;390;130;1.1;0.4
08;2021-03-10;21;27;411;157;1.2;0.4
08;2021-03-11;0;0;411;157;1.2;0.4
08;2021-03-12;50;21;461;178;1.3;0.5
08;2021-03-13;0;0;461;178;1.3;0.5
08;2021-03-14;0;0;461;178;1.3;0.5
08;2021-03-15;31;42;492;220;1.4;0.6
08;2021-03-16;73;3;565;223;1.6;0.6
08;2021-03-17;66;12;631;235;1.8;0.7
08;2021-03-18;57;22;688;257;1.9;0.7
08;2021-03-19;30;46;718;303;2.0;0.9
08;2021-03-20;0;0;718;303;2.0;0.9
08;2021-03-21;0;0;718;303;2.0;0.9
08;2021-03-22;32;45;750;348;2.1;1.0
08;2021-03-23;32;43;782;391;2.2;1.1
08;2021-03-24;38;42;820;433;2.3;1.2
08;2021-03-25;44;30;864;463;2.4;1.3
08;2021-03-26;43;32;907;495;2.6;1.4
08;2021-03-27;0;0;907;495;2.6;1.4
08;2021-03-28;0;0;907;495;2.6;1.4
08;2021-03-29;61;47;968;542;2.7;1.5
08;2021-03-30;91;19;1059;561;3.0;1.6
08;2021-03-31;72;44;1131;605;3.2;1.7
08;2021-04-01;55;45;1186;650;3.4;1.8
08;2021-04-02;0;0;1186;650;3.4;1.8
08;2021-04-03;0;0;1186;650;3.4;1.8
08;2021-04-04;0;0;1186;650;3.4;1.8
08;2021-04-05;0;0;1186;650;3.4;1.8
08;2021-04-06;47;61;1233;711;3.5;2.0
08;2021-04-07;88;28;1321;739;3.7;2.1
08;2021-04-08;105;3;1426;742;4.0;2.1
08;2021-04-09;89;27;1515;769;4.3;2.2
08;2021-04-10;89;1;1604;770;4.5;2.2
08;2021-04-11;0;0;1604;770;4.5;2.2
08;2021-04-12;41;72;1645;842;4.7;2.4
08;2021-04-13;45;71;1690;913;4.8;2.6
11;2020-12-27;12;0;12;0;0.0;0.0
11;2020-12-28;7;0;19;0;0.0;0.0
11;2020-12-29;56;0;75;0;0.0;0.0
11;2020-12-30;84;0;159;0;0.0;0.0
11;2020-12-31;38;0;197;0;0.0;0.0
11;2021-01-01;24;0;221;0;0.0;0.0
11;2021-01-02;58;0;279;0;0.0;0.0
11;2021-01-03;76;0;355;0;0.0;0.0
11;2021-01-04;542;0;897;0;0.0;0.0
11;2021-01-05;2015;0;2912;0;0.0;0.0
11;2021-01-06;2964;0;5876;0;0.0;0.0
11;2021-01-07;5295;0;11171;0;0.1;0.0
11;2021-01-08;6934;0;18105;0;0.1;0.0
11;2021-01-09;1858;0;19963;0;0.2;0.0
11;2021-01-10;1727;0;21690;0;0.2;0.0
11;2021-01-11;7805;0;29495;0;0.2;0.0
11;2021-01-12;10099;0;39594;0;0.3;0.0
11;2021-01-13;9796;0;49390;0;0.4;0.0
11;2021-01-14;9899;0;59289;0;0.5;0.0
11;2021-01-15;8672;0;67961;0;0.6;0.0
11;2021-01-16;2368;89;70329;89;0.6;0.0
11;2021-01-17;1074;6;71403;95;0.6;0.0
11;2021-01-18;12105;59;83508;154;0.7;0.0
11;2021-01-19;15571;54;99079;208;0.8;0.0
11;2021-01-20;18148;39;117227;247;1.0;0.0
11;2021-01-21;21960;50;139187;297;1.1;0.0
11;2021-01-22;16834;103;156021;400;1.3;0.0
11;2021-01-23;4930;38;160951;438;1.3;0.0
11;2021-01-24;1257;58;162208;496;1.3;0.0
11;2021-01-25;8800;208;171008;704;1.4;0.0
11;2021-01-26;12246;428;183254;1132;1.5;0.0
11;2021-01-27;16152;803;199406;1935;1.6;0.0
11;2021-01-28;20196;1547;219602;3482;1.8;0.0
11;2021-01-29;15294;1739;234896;5221;1.9;0.0
11;2021-01-30;4428;152;239324;5373;1.9;0.0
11;2021-01-31;581;167;239905;5540;2.0;0.0
11;2021-02-01;7322;2614;247227;8154;2.0;0.1
11;2021-02-02;8270;4160;255497;12314;2.1;0.1
11;2021-02-03;8101;5018;263598;17332;2.1;0.1
11;2021-02-04;8738;6462;272336;23794;2.2;0.2
11;2021-02-05;8878;6270;281214;30064;2.3;0.2
11;2021-02-06;3237;1533;284451;31597;2.3;0.3
11;2021-02-07;581;1385;285032;32982;2.3;0.3
11;2021-02-08;6181;7607;291213;40589;2.4;0.3
11;2021-02-09;8356;11965;299569;52554;2.4;0.4
11;2021-02-10;9941;14310;309510;66864;2.5;0.5
11;2021-02-11;12173;16276;321683;83140;2.6;0.7
11;2021-02-12;11691;11484;333374;94624;2.7;0.8
11;2021-02-13;2654;2166;336028;96790;2.7;0.8
11;2021-02-14;294;698;336322;97488;2.7;0.8
11;2021-02-15;4377;11161;340699;108649;2.8;0.9
11;2021-02-16;5537;13898;346236;122547;2.8;1.0
11;2021-02-17;5696;16899;351932;139446;2.9;1.1
11;2021-02-18;8484;21366;360416;160812;2.9;1.3
11;2021-02-19;8926;14993;369342;175805;3.0;1.4
11;2021-02-20;1670;3891;371012;179696;3.0;1.5
11;2021-02-21;391;868;371403;180564;3.0;1.5
11;2021-02-22;4158;9212;375561;189776;3.1;1.5
11;2021-02-23;4822;10144;380383;199920;3.1;1.6
11;2021-02-24;5286;9743;385669;209663;3.1;1.7
11;2021-02-25;8373;10267;394042;219930;3.2;1.8
11;2021-02-26;10960;9656;405002;229586;3.3;1.9
11;2021-02-27;5012;3205;410014;232791;3.3;1.9
11;2021-02-28;692;548;410706;233339;3.3;1.9
11;2021-03-01;8631;7591;419337;240930;3.4;2.0
11;2021-03-02;14048;9098;433385;250028;3.5;2.0
11;2021-03-03;18145;9688;451530;259716;3.7;2.1
11;2021-03-04;27278;11249;478808;270965;3.9;2.2
11;2021-03-05;35492;9901;514300;280866;4.2;2.3
11;2021-03-06;45878;2669;560178;283535;4.6;2.3
11;2021-03-07;34001;527;594179;284062;4.8;2.3
11;2021-03-08;17272;6102;611451;290164;5.0;2.4
11;2021-03-09;26289;6609;637740;296773;5.2;2.4
11;2021-03-10;26939;7609;664679;304382;5.4;2.5
11;2021-03-11;36079;9274;700758;313656;5.7;2.6
11;2021-03-12;43817;8129;744575;321785;6.1;2.6
11;2021-03-13;39585;1807;784160;323592;6.4;2.6
11;2021-03-14;14168;363;798328;323955;6.5;2.6
11;2021-03-15;28717;2428;827045;326383;6.7;2.7
11;2021-03-16;23497;2894;850542;329277;6.9;2.7
11;2021-03-17;23986;2508;874528;331785;7.1;2.7
11;2021-03-18;28354;2853;902882;334638;7.4;2.7
11;2021-03-19;38773;3024;941655;337662;7.7;2.8
11;2021-03-20;25523;864;967178;338526;7.9;2.8
11;2021-03-21;5559;201;972737;338727;7.9;2.8
11;2021-03-22;31455;2841;1004192;341568;8.2;2.8
11;2021-03-23;42658;3557;1046850;345125;8.5;2.8
11;2021-03-24;41929;3569;1088779;348694;8.9;2.8
11;2021-03-25;56658;3291;1145437;351985;9.3;2.9
11;2021-03-26;56798;3794;1202235;355779;9.8;2.9
11;2021-03-27;34147;1030;1236382;356809;10.1;2.9
11;2021-03-28;9948;311;1246330;357120;10.2;2.9
11;2021-03-29;31967;6062;1278297;363182;10.4;3.0
11;2021-03-30;43412;10043;1321709;373225;10.8;3.0
11;2021-03-31;38345;12764;1360054;385989;11.1;3.1
11;2021-04-01;43184;20202;1403238;406191;11.4;3.3
11;2021-04-02;38037;22284;1441275;428475;11.7;3.5
11;2021-04-03;18025;19797;1459300;448272;11.9;3.7
11;2021-04-04;6001;6790;1465301;455062;11.9;3.7
11;2021-04-05;5868;943;1471169;456005;12.0;3.7
11;2021-04-06;28510;17287;1499679;473292;12.2;3.9
11;2021-04-07;36508;17559;1536187;490851;12.5;4.0
11;2021-04-08;45023;19024;1581210;509875;12.9;4.2
11;2021-04-09;51987;19100;1633197;528975;13.3;4.3
11;2021-04-10;29037;18099;1662234;547074;13.5;4.5
11;2021-04-11;6391;6723;1668625;553797;13.6;4.5
11;2021-04-12;27827;16959;1696452;570756;13.8;4.6
11;2021-04-13;34077;21883;1730529;592639;14.1;4.8
24;2020-12-27;0;0;0;0;0.0;0.0
24;2020-12-28;17;0;17;0;0.0;0.0
24;2020-12-29;9;0;26;0;0.0;0.0
24;2020-12-30;0;0;26;0;0.0;0.0
24;2020-12-31;0;0;26;0;0.0;0.0
24;2021-01-01;1;0;27;0;0.0;0.0
24;2021-01-02;0;0;27;0;0.0;0.0
24;2021-01-03;0;0;27;0;0.0;0.0
24;2021-01-04;24;0;51;0;0.0;0.0
24;2021-01-05;163;0;214;0;0.0;0.0
24;2021-01-06;328;0;542;0;0.0;0.0
24;2021-01-07;490;0;1032;0;0.0;0.0
24;2021-01-08;951;0;1983;0;0.1;0.0
24;2021-01-09;502;0;2485;0;0.1;0.0
24;2021-01-10;395;0;2880;0;0.1;0.0
24;2021-01-11;1280;0;4160;0;0.2;0.0
24;2021-01-12;2573;0;6733;0;0.3;0.0
24;2021-01-13;2158;0;8891;0;0.3;0.0
24;2021-01-14;2459;0;11350;0;0.4;0.0
24;2021-01-15;2062;0;13412;0;0.5;0.0
24;2021-01-16;851;57;14263;57;0.6;0.0
24;2021-01-17;312;2;14575;59;0.6;0.0
24;2021-01-18;3207;13;17782;72;0.7;0.0
24;2021-01-19;6294;24;24076;96;0.9;0.0
24;2021-01-20;7122;2;31198;98;1.2;0.0
24;2021-01-21;7379;2;38577;100;1.5;0.0
24;2021-01-22;5115;1;43692;101;1.7;0.0
24;2021-01-23;1270;1;44962;102;1.8;0.0
24;2021-01-24;225;1;45187;103;1.8;0.0
24;2021-01-25;3107;17;48294;120;1.9;0.0
24;2021-01-26;4769;98;53063;218;2.1;0.0
24;2021-01-27;5042;250;58105;468;2.3;0.0
24;2021-01-28;5629;540;63734;1008;2.5;0.0
24;2021-01-29;3420;694;67154;1702;2.6;0.1
24;2021-01-30;1207;396;68361;2098;2.7;0.1
24;2021-01-31;251;349;68612;2447;2.7;0.1
24;2021-02-01;2170;989;70782;3436;2.8;0.1
24;2021-02-02;3024;2143;73806;5579;2.9;0.2
24;2021-02-03;3110;1775;76916;7354;3.0;0.3
24;2021-02-04;3229;1698;80145;9052;3.1;0.4
24;2021-02-05;2391;1284;82536;10336;3.2;0.4
24;2021-02-06;705;261;83241;10597;3.3;0.4
24;2021-02-07;134;31;83375;10628;3.3;0.4
24;2021-02-08;1967;1611;85342;12239;3.3;0.5
24;2021-02-09;3401;3732;88743;15971;3.5;0.6
24;2021-02-10;4079;4153;92822;20124;3.6;0.8
24;2021-02-11;4649;5327;97471;25451;3.8;1.0
24;2021-02-12;3464;3248;100935;28699;3.9;1.1
24;2021-02-13;838;694;101773;29393;4.0;1.1
24;2021-02-14;426;121;102199;29514;4.0;1.2
24;2021-02-15;1958;3026;104157;32540;4.1;1.3
24;2021-02-16;2814;4693;106971;37233;4.2;1.5
24;2021-02-17;2688;5185;109659;42418;4.3;1.7
24;2021-02-18;3485;5223;113144;47641;4.4;1.9
24;2021-02-19;3163;3413;116307;51054;4.5;2.0
24;2021-02-20;1286;941;117593;51995;4.6;2.0
24;2021-02-21;432;145;118025;52140;4.6;2.0
24;2021-02-22;1639;2751;119664;54891;4.7;2.1
24;2021-02-23;2334;3067;121998;57958;4.8;2.3
24;2021-02-24;2089;3342;124087;61300;4.8;2.4
24;2021-02-25;3586;3241;127673;64541;5.0;2.5
24;2021-02-26;4434;2604;132107;67145;5.2;2.6
24;2021-02-27;1870;912;133977;68057;5.2;2.7
24;2021-02-28;96;158;134073;68215;5.2;2.7
24;2021-03-01;2134;1953;136207;70168;5.3;2.7
24;2021-03-02;3416;3090;139623;73258;5.5;2.9
24;2021-03-03;3528;3517;143151;76775;5.6;3.0
24;2021-03-04;5292;3826;148443;80601;5.8;3.1
24;2021-03-05;7002;2680;155445;83281;6.1;3.3
24;2021-03-06;7335;614;162780;83895;6.4;3.3
24;2021-03-07;2419;156;165199;84051;6.5;3.3
24;2021-03-08;2679;2313;167878;86364;6.6;3.4
24;2021-03-09;5758;2756;173636;89120;6.8;3.5
24;2021-03-10;6381;3474;180017;92594;7.0;3.6
24;2021-03-11;7720;3458;187737;96052;7.3;3.8
24;2021-03-12;10679;2384;198416;98436;7.8;3.8
24;2021-03-13;7068;673;205484;99109;8.0;3.9
24;2021-03-14;1546;254;207030;99363;8.1;3.9
24;2021-03-15;4545;1859;211575;101222;8.3;4.0
24;2021-03-16;4589;2242;216164;103464;8.4;4.0
24;2021-03-17;4423;1938;220587;105402;8.6;4.1
24;2021-03-18;5051;2023;225638;107425;8.8;4.2
24;2021-03-19;7703;1424;233341;108849;9.1;4.3
24;2021-03-20;4396;840;237737;109689;9.3;4.3
24;2021-03-21;557;333;238294;110022;9.3;4.3
24;2021-03-22;4793;1614;243087;111636;9.5;4.4
24;2021-03-23;7990;2139;251077;113775;9.8;4.4
24;2021-03-24;8744;1852;259821;115627;10.2;4.5
24;2021-03-25;11988;1835;271809;117462;10.6;4.6
24;2021-03-26;13161;1810;284970;119272;11.1;4.7
24;2021-03-27;5749;617;290719;119889;11.4;4.7
24;2021-03-28;517;72;291236;119961;11.4;4.7
24;2021-03-29;6683;1728;297919;121689;11.6;4.8
24;2021-03-30;10044;2647;307963;124336;12.0;4.9
24;2021-03-31;9759;2196;317722;126532;12.4;4.9
24;2021-04-01;11847;3113;329569;129645;12.9;5.1
24;2021-04-02;10520;3113;340089;132758;13.3;5.2
24;2021-04-03;3381;1676;343470;134434;13.4;5.3
24;2021-04-04;389;325;343859;134759;13.4;5.3
24;2021-04-05;389;48;344248;134807;13.5;5.3
24;2021-04-06;7941;3548;352189;138355;13.8;5.4
24;2021-04-07;10939;4298;363128;142653;14.2;5.6
24;2021-04-08;13953;4336;377081;146989;14.7;5.7
24;2021-04-09;17446;3388;394527;150377;15.4;5.9
24;2021-04-10;9330;1793;403857;152170;15.8;5.9
24;2021-04-11;2893;1190;406750;153360;15.9;6.0
24;2021-04-12;10741;3148;417491;156508;16.3;6.1
24;2021-04-13;14775;4561;432266;161069;16.9;6.3
27;2020-12-27;4;0;4;0;0.0;0.0
27;2020-12-28;0;0;4;0;0.0;0.0
27;2020-12-29;19;0;23;0;0.0;0.0
27;2020-12-30;20;0;43;0;0.0;0.0
27;2020-12-31;0;0;43;0;0.0;0.0
27;2021-01-01;0;0;43;0;0.0;0.0
27;2021-01-02;0;0;43;0;0.0;0.0
27;2021-01-03;1;0;44;0;0.0;0.0
27;2021-01-04;26;0;70;0;0.0;0.0
27;2021-01-05;263;0;333;0;0.0;0.0
27;2021-01-06;714;0;1047;0;0.0;0.0
27;2021-01-07;1552;0;2599;0;0.1;0.0
27;2021-01-08;1894;0;4493;0;0.2;0.0
27;2021-01-09;687;0;5180;0;0.2;0.0
27;2021-01-10;3;0;5183;0;0.2;0.0
27;2021-01-11;2402;0;7585;0;0.3;0.0
27;2021-01-12;3762;0;11347;0;0.4;0.0
27;2021-01-13;3786;0;15133;0;0.5;0.0
27;2021-01-14;4719;0;19852;0;0.7;0.0
27;2021-01-15;3534;0;23386;0;0.8;0.0
27;2021-01-16;785;43;24171;43;0.9;0.0
27;2021-01-17;116;1;24287;44;0.9;0.0
27;2021-01-18;6211;9;30498;53;1.1;0.0
27;2021-01-19;8368;32;38866;85;1.4;0.0
27;2021-01-20;7892;26;46758;111;1.7;0.0
27;2021-01-21;9419;9;56177;120;2.0;0.0
27;2021-01-22;7675;7;63852;127;2.3;0.0
27;2021-01-23;2974;6;66826;133;2.4;0.0
27;2021-01-24;346;0;67172;133;2.4;0.0
27;2021-01-25;5211;27;72383;160;2.6;0.0
27;2021-01-26;7348;315;79731;475;2.9;0.0
27;2021-01-27;7061;628;86792;1103;3.1;0.0
27;2021-01-28;6269;1209;93061;2312;3.3;0.1
27;2021-01-29;5861;1478;98922;3790;3.6;0.1
27;2021-01-30;2467;360;101389;4150;3.6;0.1
27;2021-01-31;250;3;101639;4153;3.7;0.1
27;2021-02-01;3355;1755;104994;5908;3.8;0.2
27;2021-02-02;4037;2912;109031;8820;3.9;0.3
27;2021-02-03;3617;3023;112648;11843;4.0;0.4
27;2021-02-04;3699;3519;116347;15362;4.2;0.6
27;2021-02-05;3242;2680;119589;18042;4.3;0.6
27;2021-02-06;1607;661;121196;18703;4.4;0.7
27;2021-02-07;5;4;121201;18707;4.4;0.7
27;2021-02-08;2908;2649;124109;21356;4.5;0.8
27;2021-02-09;3010;3903;127119;25259;4.6;0.9
27;2021-02-10;3041;3951;130160;29210;4.7;1.0
27;2021-02-11;3294;5414;133454;34624;4.8;1.2
27;2021-02-12;2715;4096;136169;38720;4.9;1.4
27;2021-02-13;982;1438;137151;40158;4.9;1.4
27;2021-02-14;257;227;137408;40385;4.9;1.5
27;2021-02-15;1238;5305;138646;45690;5.0;1.6
27;2021-02-16;1491;7323;140137;53013;5.0;1.9
27;2021-02-17;1795;6832;141932;59845;5.1;2.2
27;2021-02-18;2099;6316;144031;66161;5.2;2.4
27;2021-02-19;1717;5514;145748;71675;5.2;2.6
27;2021-02-20;701;2066;146449;73741;5.3;2.6
27;2021-02-21;0;149;146449;73890;5.3;2.7
27;2021-02-22;954;4750;147403;78640;5.3;2.8
27;2021-02-23;1191;5119;148594;83759;5.3;3.0
27;2021-02-24;1480;4770;150074;88529;5.4;3.2
27;2021-02-25;2891;4868;152965;93397;5.5;3.4
27;2021-02-26;3630;3939;156595;97336;5.6;3.5
27;2021-02-27;1891;1930;158486;99266;5.7;3.6
27;2021-02-28;107;210;158593;99476;5.7;3.6
27;2021-03-01;3649;3386;162242;102862;5.8;3.7
27;2021-03-02;5311;4012;167553;106874;6.0;3.8
27;2021-03-03;5912;3553;173465;110427;6.2;4.0
27;2021-03-04;7554;3624;181019;114051;6.5;4.1
27;2021-03-05;9495;2830;190514;116881;6.8;4.2
27;2021-03-06;6197;955;196711;117836;7.1;4.2
27;2021-03-07;854;14;197565;117850;7.1;4.2
27;2021-03-08;4515;3236;202080;121086;7.3;4.4
27;2021-03-09;8319;3082;210399;124168;7.6;4.5
27;2021-03-10;8625;2654;219024;126822;7.9;4.6
27;2021-03-11;10179;2845;229203;129667;8.2;4.7
27;2021-03-12;11751;2208;240954;131875;8.7;4.7
27;2021-03-13;6969;528;247923;132403;8.9;4.8
27;2021-03-14;207;1;248130;132404;8.9;4.8
27;2021-03-15;7246;1108;255376;133512;9.2;4.8
27;2021-03-16;8203;785;263579;134297;9.5;4.8
27;2021-03-17;8306;901;271885;135198;9.8;4.9
27;2021-03-18;8488;969;280373;136167;10.1;4.9
27;2021-03-19;9332;720;289705;136887;10.4;4.9
27;2021-03-20;5614;221;295319;137108;10.6;4.9
27;2021-03-21;233;1;295552;137109;10.6;4.9
27;2021-03-22;9214;676;304766;137785;11.0;5.0
27;2021-03-23;14484;763;319250;138548;11.5;5.0
27;2021-03-24;15017;829;334267;139377;12.0;5.0
27;2021-03-25;18128;1003;352395;140380;12.7;5.0
27;2021-03-26;18098;780;370493;141160;13.3;5.1
27;2021-03-27;7598;191;378091;141351;13.6;5.1
27;2021-03-28;490;83;378581;141434;13.6;5.1
27;2021-03-29;9937;3150;388518;144584;14.0;5.2
27;2021-03-30;12834;3595;401352;148179;14.4;5.3
27;2021-03-31;12642;3784;413994;151963;14.9;5.5
27;2021-04-01;14074;3853;428068;155816;15.4;5.6
27;2021-04-02;12663;3622;440731;159438;15.8;5.7
27;2021-04-03;4352;985;445083;160423;16.0;5.8
27;2021-04-04;58;21;445141;160444;16.0;5.8
27;2021-04-05;343;0;445484;160444;16.0;5.8
27;2021-04-06;9229;6079;454713;166523;16.3;6.0
27;2021-04-07;9953;5845;464666;172368;16.7;6.2
27;2021-04-08;15244;5481;479910;177849;17.2;6.4
27;2021-04-09;17438;5027;497348;182876;17.9;6.6
27;2021-04-10;6057;1717;503405;184593;18.1;6.6
27;2021-04-11;411;113;503816;184706;18.1;6.6
27;2021-04-12;8832;6399;512648;191105;18.4;6.9
27;2021-04-13;11363;7934;524011;199039;18.8;7.2
28;2020-12-27;0;0;0;0;0.0;0.0
28;2020-12-28;0;0;0;0;0.0;0.0
28;2020-12-29;2;0;2;0;0.0;0.0
28;2020-12-30;0;0;2;0;0.0;0.0
28;2020-12-31;1;0;3;0;0.0;0.0
28;2021-01-01;1;0;4;0;0.0;0.0
28;2021-01-02;0;0;4;0;0.0;0.0
28;2021-01-03;1;0;5;0;0.0;0.0
28;2021-01-04;16;0;21;0;0.0;0.0
28;2021-01-05;169;0;190;0;0.0;0.0
28;2021-01-06;1390;0;1580;0;0.0;0.0
28;2021-01-07;2596;0;4176;0;0.1;0.0
28;2021-01-08;3420;0;7596;0;0.2;0.0
28;2021-01-09;1326;0;8922;0;0.3;0.0
28;2021-01-10;703;0;9625;0;0.3;0.0
28;2021-01-11;3174;0;12799;0;0.4;0.0
28;2021-01-12;3912;0;16711;0;0.5;0.0
28;2021-01-13;4297;0;21008;0;0.6;0.0
28;2021-01-14;8051;0;29059;0;0.9;0.0
28;2021-01-15;6183;0;35242;0;1.1;0.0
28;2021-01-16;2082;66;37324;66;1.1;0.0
28;2021-01-17;4064;15;41388;81;1.3;0.0
28;2021-01-18;8724;8;50112;89;1.5;0.0
28;2021-01-19;7077;3;57189;92;1.7;0.0
28;2021-01-20;6497;5;63686;97;1.9;0.0
28;2021-01-21;5984;3;69670;100;2.1;0.0
28;2021-01-22;5437;7;75107;107;2.3;0.0
28;2021-01-23;2017;6;77124;113;2.3;0.0
28;2021-01-24;1447;11;78571;124;2.4;0.0
28;2021-01-25;6216;174;84787;298;2.6;0.0
28;2021-01-26;4573;497;89360;795;2.7;0.0
28;2021-01-27;4012;852;93372;1647;2.8;0.0
28;2021-01-28;3742;1056;97114;2703;2.9;0.1
28;2021-01-29;3483;1394;100597;4097;3.0;0.1
28;2021-01-30;1386;516;101983;4613;3.1;0.1
28;2021-01-31;195;124;102178;4737;3.1;0.1
28;2021-02-01;2779;1766;104957;6503;3.2;0.2
28;2021-02-02;2973;2588;107930;9091;3.3;0.3
28;2021-02-03;2943;3140;110873;12231;3.4;0.4
28;2021-02-04;3698;6333;114571;18564;3.5;0.6
28;2021-02-05;3865;4410;118436;22974;3.6;0.7
28;2021-02-06;1130;1484;119566;24458;3.6;0.7
28;2021-02-07;716;2618;120282;27076;3.6;0.8
28;2021-02-08;3786;7846;124068;34922;3.8;1.1
28;2021-02-09;3447;5774;127515;40696;3.9;1.2
28;2021-02-10;3438;4737;130953;45433;4.0;1.4
28;2021-02-11;4191;4959;135144;50392;4.1;1.5
28;2021-02-12;3991;4318;139135;54710;4.2;1.7
28;2021-02-13;1121;1590;140256;56300;4.2;1.7
28;2021-02-14;282;1330;140538;57630;4.3;1.7
28;2021-02-15;2191;6223;142729;63853;4.3;1.9
28;2021-02-16;2647;5174;145376;69027;4.4;2.1
28;2021-02-17;1944;4430;147320;73457;4.5;2.2
28;2021-02-18;2526;4095;149846;77552;4.5;2.3
28;2021-02-19;2537;3579;152383;81131;4.6;2.5
28;2021-02-20;910;1252;153293;82383;4.6;2.5
28;2021-02-21;101;300;153394;82683;4.6;2.5
28;2021-02-22;1663;3987;155057;86670;4.7;2.6
28;2021-02-23;2160;3743;157217;90413;4.8;2.7
28;2021-02-24;2365;3808;159582;94221;4.8;2.9
28;2021-02-25;4725;4271;164307;98492;5.0;3.0
28;2021-02-26;5904;3720;170211;102212;5.2;3.1
28;2021-02-27;2988;1073;173199;103285;5.2;3.1
28;2021-02-28;340;358;173539;103643;5.3;3.1
28;2021-03-01;2498;4820;176037;108463;5.3;3.3
28;2021-03-02;3876;4027;179913;112490;5.4;3.4
28;2021-03-03;4733;3150;184646;115640;5.6;3.5
28;2021-03-04;7205;2726;191851;118366;5.8;3.6
28;2021-03-05;10009;2258;201860;120624;6.1;3.7
28;2021-03-06;9757;683;211617;121307;6.4;3.7
28;2021-03-07;3766;115;215383;121422;6.5;3.7
28;2021-03-08;5818;3103;221201;124525;6.7;3.8
28;2021-03-09;9242;2689;230443;127214;7.0;3.9
28;2021-03-10;9720;2225;240163;129439;7.3;3.9
28;2021-03-11;13839;1809;254002;131248;7.7;4.0
28;2021-03-12;17706;1327;271708;132575;8.2;4.0
28;2021-03-13;11012;466;282720;133041;8.6;4.0
28;2021-03-14;2247;42;284967;133083;8.6;4.0
28;2021-03-15;8613;727;293580;133810;8.9;4.1
28;2021-03-16;7442;1040;301022;134850;9.1;4.1
28;2021-03-17;7655;992;308677;135842;9.3;4.1
28;2021-03-18;8089;1111;316766;136953;9.6;4.1
28;2021-03-19;11477;1194;328243;138147;9.9;4.2
28;2021-03-20;9573;443;337816;138590;10.2;4.2
28;2021-03-21;2390;6;340206;138596;10.3;4.2
28;2021-03-22;9243;1377;349449;139973;10.6;4.2
28;2021-03-23;12358;1306;361807;141279;11.0;4.3
28;2021-03-24;13143;1376;374950;142655;11.4;4.3
28;2021-03-25;17428;1545;392378;144200;11.9;4.4
28;2021-03-26;20657;1649;413035;145849;12.5;4.4
28;2021-03-27;11399;984;424434;146833;12.8;4.4
28;2021-03-28;2944;92;427378;146925;12.9;4.4
28;2021-03-29;11692;2777;439070;149702;13.3;4.5
28;2021-03-30;14246;2900;453316;152602;13.7;4.6
28;2021-03-31;14139;3237;467455;155839;14.2;4.7
28;2021-04-01;17630;5232;485085;161071;14.7;4.9
28;2021-04-02;16496;5947;501581;167018;15.2;5.1
28;2021-04-03;7169;3929;508750;170947;15.4;5.2
28;2021-04-04;1768;764;510518;171711;15.5;5.2
28;2021-04-05;3264;704;513782;172415;15.6;5.2
28;2021-04-06;10265;7351;524047;179766;15.9;5.4
28;2021-04-07;12479;6722;536526;186488;16.2;5.6
28;2021-04-08;17378;7097;553904;193585;16.8;5.9
28;2021-04-09;23451;7214;577355;200799;17.5;6.1
28;2021-04-10;13773;3922;591128;204721;17.9;6.2
28;2021-04-11;3017;1128;594145;205849;18.0;6.2
28;2021-04-12;13539;7549;607684;213398;18.4;6.5
28;2021-04-13;15784;7574;623468;220972;18.9;6.7
32;2020-12-27;1;0;1;0;0.0;0.0
32;2020-12-28;26;0;27;0;0.0;0.0
32;2020-12-29;12;0;39;0;0.0;0.0
32;2020-12-30;0;0;39;0;0.0;0.0
32;2020-12-31;0;0;39;0;0.0;0.0
32;2021-01-01;1;0;40;0;0.0;0.0
32;2021-01-02;0;0;40;0;0.0;0.0
32;2021-01-03;2;0;42;0;0.0;0.0
32;2021-01-04;81;0;123;0;0.0;0.0
32;2021-01-05;297;0;420;0;0.0;0.0
32;2021-01-06;785;0;1205;0;0.0;0.0
32;2021-01-07;2420;0;3625;0;0.1;0.0
32;2021-01-08;3126;0;6751;0;0.1;0.0
32;2021-01-09;956;0;7707;0;0.1;0.0
32;2021-01-10;637;0;8344;0;0.1;0.0
32;2021-01-11;3224;0;11568;0;0.2;0.0
32;2021-01-12;4914;0;16482;0;0.3;0.0
32;2021-01-13;4898;0;21380;0;0.4;0.0
32;2021-01-14;5703;0;27083;0;0.5;0.0
32;2021-01-15;5162;0;32245;0;0.5;0.0
32;2021-01-16;1631;44;33876;44;0.6;0.0
32;2021-01-17;855;2;34731;46;0.6;0.0
32;2021-01-18;7175;14;41906;60;0.7;0.0
32;2021-01-19;9811;42;51717;102;0.9;0.0
32;2021-01-20;10210;21;61927;123;1.0;0.0
32;2021-01-21;12526;14;74453;137;1.2;0.0
32;2021-01-22;9707;12;84160;149;1.4;0.0
32;2021-01-23;3354;2;87514;151;1.5;0.0
32;2021-01-24;1119;15;88633;166;1.5;0.0
32;2021-01-25;6782;127;95415;293;1.6;0.0
32;2021-01-26;7363;209;102778;502;1.7;0.0
32;2021-01-27;4823;550;107601;1052;1.8;0.0
32;2021-01-28;8522;2164;116123;3216;1.9;0.1
32;2021-01-29;5345;2234;121468;5450;2.0;0.1
32;2021-01-30;535;456;122003;5906;2.0;0.1
32;2021-01-31;66;137;122069;6043;2.0;0.1
32;2021-02-01;189;2288;122258;8331;2.1;0.1
32;2021-02-02;779;3637;123037;11968;2.1;0.2
32;2021-02-03;4056;3244;127093;15212;2.1;0.3
32;2021-02-04;3678;3860;130771;19072;2.2;0.3
32;2021-02-05;1964;3613;132735;22685;2.2;0.4
32;2021-02-06;509;958;133244;23643;2.2;0.4
32;2021-02-07;536;194;133780;23837;2.2;0.4
32;2021-02-08;1857;3658;135637;27495;2.3;0.5
32;2021-02-09;2540;4650;138177;32145;2.3;0.5
32;2021-02-10;2947;5617;141124;37762;2.4;0.6
32;2021-02-11;4733;7129;145857;44891;2.4;0.8
32;2021-02-12;5047;4910;150904;49801;2.5;0.8
32;2021-02-13;930;1868;151834;51669;2.5;0.9
32;2021-02-14;116;1038;151950;52707;2.5;0.9
32;2021-02-15;3526;7406;155476;60113;2.6;1.0
32;2021-02-16;4003;8426;159479;68539;2.7;1.1
32;2021-02-17;4258;8703;163737;77242;2.7;1.3
32;2021-02-18;6891;12357;170628;89599;2.9;1.5
32;2021-02-19;6971;8347;177599;97946;3.0;1.6
32;2021-02-20;2495;2603;180094;100549;3.0;1.7
32;2021-02-21;433;349;180527;100898;3.0;1.7
32;2021-02-22;3193;5058;183720;105956;3.1;1.8
32;2021-02-23;5445;5675;189165;111631;3.2;1.9
32;2021-02-24;7375;6179;196540;117810;3.3;2.0
32;2021-02-25;12701;4473;209241;122283;3.5;2.1
32;2021-02-26;12385;2293;221626;124576;3.7;2.1
32;2021-02-27;6380;278;228006;124854;3.8;2.1
32;2021-02-28;357;111;228363;124965;3.8;2.1
32;2021-03-01;7158;384;235521;125349;3.9;2.1
32;2021-03-02;10853;558;246374;125907;4.1;2.1
32;2021-03-03;11836;877;258210;126784;4.3;2.1
32;2021-03-04;14826;1843;273036;128627;4.6;2.2
32;2021-03-05;16949;1451;289985;130078;4.9;2.2
32;2021-03-06;27675;577;317660;130655;5.3;2.2
32;2021-03-07;19795;123;337455;130778;5.7;2.2
32;2021-03-08;8825;2184;346280;132962;5.8;2.2
32;2021-03-09;14075;2817;360355;135779;6.0;2.3
32;2021-03-10;15474;2986;375829;138765;6.3;2.3
32;2021-03-11;20722;4582;396551;143347;6.7;2.4
32;2021-03-12;25663;3940;422214;147287;7.1;2.5
32;2021-03-13;41230;1363;463444;148650;7.8;2.5
32;2021-03-14;20030;151;483474;148801;8.1;2.5
32;2021-03-15;12886;2854;496360;151655;8.3;2.5
32;2021-03-16;9686;3250;506046;154905;8.5;2.6
32;2021-03-17;9568;3653;515614;158558;8.6;2.7
32;2021-03-18;9849;4501;525463;163059;8.8;2.7
32;2021-03-19;17711;3238;543174;166297;9.1;2.8
32;2021-03-20;36188;1231;579362;167528;9.7;2.8
32;2021-03-21;19646;260;599008;167788;10.0;2.8
32;2021-03-22;11967;3823;610975;171611;10.2;2.9
32;2021-03-23;18708;5225;629683;176836;10.6;3.0
32;2021-03-24;17695;5412;647378;182248;10.9;3.1
32;2021-03-25;24947;4958;672325;187206;11.3;3.1
32;2021-03-26;28706;4950;701031;192156;11.8;3.2
32;2021-03-27;36282;1209;737313;193365;12.4;3.2
32;2021-03-28;18475;653;755788;194018;12.7;3.3
32;2021-03-29;14311;5983;770099;200001;12.9;3.4
32;2021-03-30;18581;7868;788680;207869;13.2;3.5
32;2021-03-31;15487;8722;804167;216591;13.5;3.6
32;2021-04-01;17623;10089;821790;226680;13.8;3.8
32;2021-04-02;19690;11829;841480;238509;14.1;4.0
32;2021-04-03;29765;9334;871245;247843;14.6;4.2
32;2021-04-04;11593;4561;882838;252404;14.8;4.2
32;2021-04-05;9542;2008;892380;254412;15.0;4.3
32;2021-04-06;13821;10710;906201;265122;15.2;4.4
32;2021-04-07;17694;11127;923895;276249;15.5;4.6
32;2021-04-08;22849;11699;946744;287948;15.9;4.8
32;2021-04-09;29205;11717;975949;299665;16.4;5.0
32;2021-04-10;25790;17915;1001739;317580;16.8;5.3
32;2021-04-11;9068;11804;1010807;329384;17.0;5.5
32;2021-04-12;15228;8382;1026035;337766;17.2;5.7
32;2021-04-13;21129;10287;1047164;348053;17.6;5.8
44;2020-12-27;0;0;0;0;0.0;0.0
44;2020-12-28;0;0;0;0;0.0;0.0
44;2020-12-29;0;0;0;0;0.0;0.0
44;2020-12-30;0;0;0;0;0.0;0.0
44;2020-12-31;11;0;11;0;0.0;0.0
44;2021-01-01;0;0;11;0;0.0;0.0
44;2021-01-02;3;0;14;0;0.0;0.0
44;2021-01-03;2;0;16;0;0.0;0.0
44;2021-01-04;240;0;256;0;0.0;0.0
44;2021-01-05;769;0;1025;0;0.0;0.0
44;2021-01-06;1241;0;2266;0;0.0;0.0
44;2021-01-07;2418;0;4684;0;0.1;0.0
44;2021-01-08;3121;0;7805;0;0.1;0.0
44;2021-01-09;926;0;8731;0;0.2;0.0
44;2021-01-10;226;0;8957;0;0.2;0.0
44;2021-01-11;2964;0;11921;0;0.2;0.0
44;2021-01-12;5236;0;17157;0;0.3;0.0
44;2021-01-13;7606;0;24763;0;0.4;0.0
44;2021-01-14;9440;0;34203;0;0.6;0.0
44;2021-01-15;6618;0;40821;0;0.7;0.0
44;2021-01-16;1906;73;42727;73;0.8;0.0
44;2021-01-17;902;1;43629;74;0.8;0.0
44;2021-01-18;8682;4;52311;78;0.9;0.0
44;2021-01-19;10602;8;62913;86;1.1;0.0
44;2021-01-20;10876;7;73789;93;1.3;0.0
44;2021-01-21;11702;9;85491;102;1.6;0.0
44;2021-01-22;9598;6;95089;108;1.7;0.0
44;2021-01-23;3282;15;98371;123;1.8;0.0
44;2021-01-24;1565;7;99936;130;1.8;0.0
44;2021-01-25;6584;299;106520;429;1.9;0.0
44;2021-01-26;5635;456;112155;885;2.0;0.0
44;2021-01-27;7365;655;119520;1540;2.2;0.0
44;2021-01-28;8779;1440;128299;2980;2.3;0.1
44;2021-01-29;6751;1976;135050;4956;2.5;0.1
44;2021-01-30;2544;641;137594;5597;2.5;0.1
44;2021-01-31;1248;144;138842;5741;2.5;0.1
44;2021-02-01;6350;2378;145192;8119;2.6;0.1
44;2021-02-02;6107;4454;151299;12573;2.7;0.2
44;2021-02-03;5533;5401;156832;17974;2.8;0.3
44;2021-02-04;6329;8117;163161;26091;3.0;0.5
44;2021-02-05;6303;5211;169464;31302;3.1;0.6
44;2021-02-06;1969;1336;171433;32638;3.1;0.6
44;2021-02-07;406;689;171839;33327;3.1;0.6
44;2021-02-08;3808;4732;175647;38059;3.2;0.7
44;2021-02-09;5677;6095;181324;44154;3.3;0.8
44;2021-02-10;6170;6210;187494;50364;3.4;0.9
44;2021-02-11;6983;7056;194477;57420;3.5;1.0
44;2021-02-12;7200;5346;201677;62766;3.7;1.1
44;2021-02-13;2513;1238;204190;64004;3.7;1.2
44;2021-02-14;1609;1095;205799;65099;3.7;1.2
44;2021-02-15;3985;6757;209784;71856;3.8;1.3
44;2021-02-16;4532;7455;214316;79311;3.9;1.4
44;2021-02-17;4670;8272;218986;87583;4.0;1.6
44;2021-02-18;5921;9389;224907;96972;4.1;1.8
44;2021-02-19;5408;7183;230315;104155;4.2;1.9
44;2021-02-20;2330;2984;232645;107139;4.2;1.9
44;2021-02-21;542;1386;233187;108525;4.2;2.0
44;2021-02-22;4450;7333;237637;115858;4.3;2.1
44;2021-02-23;5906;6937;243543;122795;4.4;2.2
44;2021-02-24;6479;5981;250022;128776;4.5;2.3
44;2021-02-25;10337;6979;260359;135755;4.7;2.5
44;2021-02-26;12222;5819;272581;141574;4.9;2.6
44;2021-02-27;7823;2148;280404;143722;5.1;2.6
44;2021-02-28;2109;476;282513;144198;5.1;2.6
44;2021-03-01;6003;4479;288516;148677;5.2;2.7
44;2021-03-02;9335;5311;297851;153988;5.4;2.8
44;2021-03-03;11123;5361;308974;159349;5.6;2.9
44;2021-03-04;13058;5781;322032;165130;5.8;3.0
44;2021-03-05;17634;4961;339666;170091;6.2;3.1
44;2021-03-06;20989;1712;360655;171803;6.5;3.1
44;2021-03-07;12105;526;372760;172329;6.8;3.1
44;2021-03-08;9315;4172;382075;176501;6.9;3.2
44;2021-03-09;15053;4361;397128;180862;7.2;3.3
44;2021-03-10;16458;4583;413586;185445;7.5;3.4
44;2021-03-11;20150;5136;433736;190581;7.9;3.5
44;2021-03-12;26503;4918;460239;195499;8.4;3.5
44;2021-03-13;23646;1971;483885;197470;8.8;3.6
44;2021-03-14;6565;752;490450;198222;8.9;3.6
44;2021-03-15;12818;3108;503268;201330;9.1;3.7
44;2021-03-16;12690;3520;515958;204850;9.4;3.7
44;2021-03-17;13957;3249;529915;208099;9.6;3.8
44;2021-03-18;15094;3274;545009;211373;9.9;3.8
44;2021-03-19;21004;3231;566013;214604;10.3;3.9
44;2021-03-20;15207;1628;581220;216232;10.5;3.9
44;2021-03-21;4602;217;585822;216449;10.6;3.9
44;2021-03-22;12426;3383;598248;219832;10.9;4.0
44;2021-03-23;19221;4595;617469;224427;11.2;4.1
44;2021-03-24;21832;4632;639301;229059;11.6;4.2
44;2021-03-25;27777;4941;667078;234000;12.1;4.2
44;2021-03-26;29924;4515;697002;238515;12.6;4.3
44;2021-03-27;15758;4312;712760;242827;12.9;4.4
44;2021-03-28;3877;2097;716637;244924;13.0;4.4
44;2021-03-29;14159;5259;730796;250183;13.3;4.5
44;2021-03-30;21018;6982;751814;257165;13.6;4.7
44;2021-03-31;19758;7231;771572;264396;14.0;4.8
44;2021-04-01;22932;9282;794504;273678;14.4;5.0
44;2021-04-02;16019;6884;810523;280562;14.7;5.1
44;2021-04-03;10086;6337;820609;286899;14.9;5.2
44;2021-04-04;3057;1840;823666;288739;14.9;5.2
44;2021-04-05;4354;1325;828020;290064;15.0;5.3
44;2021-04-06;12854;10350;840874;300414;15.3;5.5
44;2021-04-07;17333;10635;858207;311049;15.6;5.6
44;2021-04-08;25081;10690;883288;321739;16.0;5.8
44;2021-04-09;31000;10506;914288;332245;16.6;6.0
44;2021-04-10;17429;8998;931717;341243;16.9;6.2
44;2021-04-11;2977;4888;934694;346131;17.0;6.3
44;2021-04-12;15905;10016;950599;356147;17.2;6.5
44;2021-04-13;20503;12269;971102;368416;17.6;6.7
52;2020-12-27;0;0;0;0;0.0;0.0
52;2020-12-28;0;0;0;0;0.0;0.0
52;2020-12-29;0;0;0;0;0.0;0.0
52;2020-12-30;0;0;0;0;0.0;0.0
52;2020-12-31;0;0;0;0;0.0;0.0
52;2021-01-01;2;0;2;0;0.0;0.0
52;2021-01-02;1;0;3;0;0.0;0.0
52;2021-01-03;1;0;4;0;0.0;0.0
52;2021-01-04;34;0;38;0;0.0;0.0
52;2021-01-05;168;0;206;0;0.0;0.0
52;2021-01-06;383;0;589;0;0.0;0.0
52;2021-01-07;962;0;1551;0;0.0;0.0
52;2021-01-08;1660;0;3211;0;0.1;0.0
52;2021-01-09;1048;0;4259;0;0.1;0.0
52;2021-01-10;643;0;4902;0;0.1;0.0
52;2021-01-11;2196;0;7098;0;0.2;0.0
52;2021-01-12;3146;0;10244;0;0.3;0.0
52;2021-01-13;2955;0;13199;0;0.3;0.0
52;2021-01-14;3301;0;16500;0;0.4;0.0
52;2021-01-15;3005;0;19505;0;0.5;0.0
52;2021-01-16;893;24;20398;24;0.5;0.0
52;2021-01-17;498;3;20896;27;0.5;0.0
52;2021-01-18;3198;5;24094;32;0.6;0.0
52;2021-01-19;6538;4;30632;36;0.8;0.0
52;2021-01-20;8279;6;38911;42;1.0;0.0
52;2021-01-21;12047;2;50958;44;1.3;0.0
52;2021-01-22;7229;23;58187;67;1.5;0.0
52;2021-01-23;1678;3;59865;70;1.6;0.0
52;2021-01-24;174;0;60039;70;1.6;0.0
52;2021-01-25;3002;12;63041;82;1.7;0.0
52;2021-01-26;6699;193;69740;275;1.8;0.0
52;2021-01-27;7279;166;77019;441;2.0;0.0
52;2021-01-28;9720;555;86739;996;2.3;0.0
52;2021-01-29;5929;994;92668;1990;2.4;0.1
52;2021-01-30;1258;376;93926;2366;2.5;0.1
52;2021-01-31;79;315;94005;2681;2.5;0.1
52;2021-02-01;2520;1391;96525;4072;2.5;0.1
52;2021-02-02;2967;2301;99492;6373;2.6;0.2
52;2021-02-03;2684;2134;102176;8507;2.7;0.2
52;2021-02-04;2958;2356;105134;10863;2.8;0.3
52;2021-02-05;2962;2325;108096;13188;2.8;0.3
52;2021-02-06;1072;684;109168;13872;2.9;0.4
52;2021-02-07;150;291;109318;14163;2.9;0.4
52;2021-02-08;1928;2216;111246;16379;2.9;0.4
52;2021-02-09;3171;4214;114417;20593;3.0;0.5
52;2021-02-10;3319;5542;117736;26135;3.1;0.7
52;2021-02-11;5991;10749;123727;36884;3.3;1.0
52;2021-02-12;4702;5022;128429;41906;3.4;1.1
52;2021-02-13;1150;1133;129579;43039;3.4;1.1
52;2021-02-14;21;305;129600;43344;3.4;1.1
52;2021-02-15;2021;3189;131621;46533;3.5;1.2
52;2021-02-16;4089;6736;135710;53269;3.6;1.4
52;2021-02-17;3831;7297;139541;60566;3.7;1.6
52;2021-02-18;6119;9722;145660;70288;3.8;1.8
52;2021-02-19;5309;5847;150969;76135;4.0;2.0
52;2021-02-20;1023;1228;151992;77363;4.0;2.0
52;2021-02-21;6;69;151998;77432;4.0;2.0
52;2021-02-22;2621;3004;154619;80436;4.1;2.1
52;2021-02-23;3413;3358;158032;83794;4.2;2.2
52;2021-02-24;3258;2766;161290;86560;4.2;2.3
52;2021-02-25;6310;2989;167600;89549;4.4;2.4
52;2021-02-26;6154;2754;173754;92303;4.6;2.4
52;2021-02-27;2200;1001;175954;93304;4.6;2.5
52;2021-02-28;76;42;176030;93346;4.6;2.5
52;2021-03-01;3096;2284;179126;95630;4.7;2.5
52;2021-03-02;4696;3366;183822;98996;4.8;2.6
52;2021-03-03;5232;3241;189054;102237;5.0;2.7
52;2021-03-04;7707;5102;196761;107339;5.2;2.8
52;2021-03-05;8892;3994;205653;111333;5.4;2.9
52;2021-03-06;5589;972;211242;112305;5.6;3.0
52;2021-03-07;2645;7;213887;112312;5.6;3.0
52;2021-03-08;5785;2170;219672;114482;5.8;3.0
52;2021-03-09;9473;3095;229145;117577;6.0;3.1
52;2021-03-10;9293;3199;238438;120776;6.3;3.2
52;2021-03-11;13477;4851;251915;125627;6.6;3.3
52;2021-03-12;15211;3365;267126;128992;7.0;3.4
52;2021-03-13;8194;696;275320;129688;7.2;3.4
52;2021-03-14;622;6;275942;129694;7.3;3.4
52;2021-03-15;8783;1730;284725;131424;7.5;3.5
52;2021-03-16;7561;2285;292286;133709;7.7;3.5
52;2021-03-17;6398;2128;298684;135837;7.9;3.6
52;2021-03-18;8255;2373;306939;138210;8.1;3.6
52;2021-03-19;11717;1914;318656;140124;8.4;3.7
52;2021-03-20;7025;590;325681;140714;8.6;3.7
52;2021-03-21;1672;25;327353;140739;8.6;3.7
52;2021-03-22;8944;1888;336297;142627;8.8;3.8
52;2021-03-23;13022;2612;349319;145239;9.2;3.8
52;2021-03-24;13178;1774;362497;147013;9.5;3.9
52;2021-03-25;17930;2619;380427;149632;10.0;3.9
52;2021-03-26;18730;1944;399157;151576;10.5;4.0
52;2021-03-27;7471;552;406628;152128;10.7;4.0
52;2021-03-28;2173;151;408801;152279;10.8;4.0
52;2021-03-29;10699;2482;419500;154761;11.0;4.1
52;2021-03-30;15513;3348;435013;158109;11.4;4.2
52;2021-03-31;13460;2808;448473;160917;11.8;4.2
52;2021-04-01;18376;3374;466849;164291;12.3;4.3
52;2021-04-02;16867;3092;483716;167383;12.7;4.4
52;2021-04-03;5481;1156;489197;168539;12.9;4.4
52;2021-04-04;1315;31;490512;168570;12.9;4.4
52;2021-04-05;1766;491;492278;169061;12.9;4.4
52;2021-04-06;11458;5343;503736;174404;13.2;4.6
52;2021-04-07;14906;5177;518642;179581;13.6;4.7
52;2021-04-08;20750;5993;539392;185574;14.2;4.9
52;2021-04-09;26181;4655;565573;190229;14.9;5.0
52;2021-04-10;10074;2129;575647;192358;15.1;5.1
52;2021-04-11;2565;385;578212;192743;15.2;5.1
52;2021-04-12;16140;6184;594352;198927;15.6;5.2
52;2021-04-13;20204;7658;614556;206585;16.2;5.4
53;2020-12-27;0;0;0;0;0.0;0.0
53;2020-12-28;0;0;0;0;0.0;0.0
53;2020-12-29;0;0;0;0;0.0;0.0
53;2020-12-30;0;0;0;0;0.0;0.0
53;2020-12-31;0;0;0;0;0.0;0.0
53;2021-01-01;3;0;3;0;0.0;0.0
53;2021-01-02;3;0;6;0;0.0;0.0
53;2021-01-03;0;0;6;0;0.0;0.0
53;2021-01-04;43;0;49;0;0.0;0.0
53;2021-01-05;200;0;249;0;0.0;0.0
53;2021-01-06;328;0;577;0;0.0;0.0
53;2021-01-07;834;0;1411;0;0.0;0.0
53;2021-01-08;1208;0;2619;0;0.1;0.0
53;2021-01-09;34;0;2653;0;0.1;0.0
53;2021-01-10;4;0;2657;0;0.1;0.0
53;2021-01-11;1659;0;4316;0;0.1;0.0
53;2021-01-12;3347;0;7663;0;0.2;0.0
53;2021-01-13;3265;0;10928;0;0.3;0.0
53;2021-01-14;3786;0;14714;0;0.4;0.0
53;2021-01-15;3275;0;17989;0;0.5;0.0
53;2021-01-16;683;30;18672;30;0.6;0.0
53;2021-01-17;180;1;18852;31;0.6;0.0
53;2021-01-18;3340;4;22192;35;0.7;0.0
53;2021-01-19;8113;4;30305;39;0.9;0.0
53;2021-01-20;6944;2;37249;41;1.1;0.0
53;2021-01-21;11312;3;48561;44;1.5;0.0
53;2021-01-22;7713;1;56274;45;1.7;0.0
53;2021-01-23;1490;2;57764;47;1.7;0.0
53;2021-01-24;253;0;58017;47;1.7;0.0
53;2021-01-25;3050;56;61067;103;1.8;0.0
53;2021-01-26;4086;270;65153;373;2.0;0.0
53;2021-01-27;7226;324;72379;697;2.2;0.0
53;2021-01-28;7019;645;79398;1342;2.4;0.0
53;2021-01-29;4224;731;83622;2073;2.5;0.1
53;2021-01-30;844;38;84466;2111;2.5;0.1
53;2021-01-31;78;3;84544;2114;2.5;0.1
53;2021-02-01;2205;1156;86749;3270;2.6;0.1
53;2021-02-02;3434;2422;90183;5692;2.7;0.2
53;2021-02-03;3168;2298;93351;7990;2.8;0.2
53;2021-02-04;6994;2426;100345;10416;3.0;0.3
53;2021-02-05;5463;2168;105808;12584;3.2;0.4
53;2021-02-06;1196;275;107004;12859;3.2;0.4
53;2021-02-07;213;120;107217;12979;3.2;0.4
53;2021-02-08;1648;1580;108865;14559;3.3;0.4
53;2021-02-09;3957;6143;112822;20702;3.4;0.6
53;2021-02-10;3779;5489;116601;26191;3.5;0.8
53;2021-02-11;5684;9822;122285;36013;3.7;1.1
53;2021-02-12;5632;5306;127917;41319;3.8;1.2
53;2021-02-13;1229;552;129146;41871;3.9;1.3
53;2021-02-14;25;120;129171;41991;3.9;1.3
53;2021-02-15;2328;3008;131499;44999;3.9;1.3
53;2021-02-16;4000;3075;135499;48074;4.1;1.4
53;2021-02-17;4039;5815;139538;53889;4.2;1.6
53;2021-02-18;5871;6228;145409;60117;4.4;1.8
53;2021-02-19;5287;4580;150696;64697;4.5;1.9
53;2021-02-20;1186;812;151882;65509;4.5;2.0
53;2021-02-21;162;103;152044;65612;4.6;2.0
53;2021-02-22;2316;2625;154360;68237;4.6;2.0
53;2021-02-23;3894;3454;158254;71691;4.7;2.1
53;2021-02-24;4418;3689;162672;75380;4.9;2.3
53;2021-02-25;7857;7414;170529;82794;5.1;2.5
53;2021-02-26;8628;4358;179157;87152;5.4;2.6
53;2021-02-27;3406;1098;182563;88250;5.5;2.6
53;2021-02-28;227;176;182790;88426;5.5;2.6
53;2021-03-01;3455;2112;186245;90538;5.6;2.7
53;2021-03-02;5583;4653;191828;95191;5.7;2.8
53;2021-03-03;6391;3528;198219;98719;5.9;3.0
53;2021-03-04;9161;5345;207380;104064;6.2;3.1
53;2021-03-05;11799;5284;219179;109348;6.6;3.3
53;2021-03-06;5570;822;224749;110170;6.7;3.3
53;2021-03-07;909;79;225658;110249;6.8;3.3
53;2021-03-08;5145;1751;230803;112000;6.9;3.4
53;2021-03-09;9510;2598;240313;114598;7.2;3.4
53;2021-03-10;9221;3291;249534;117889;7.5;3.5
53;2021-03-11;14115;3952;263649;121841;7.9;3.6
53;2021-03-12;18387;3012;282036;124853;8.4;3.7
53;2021-03-13;8683;798;290719;125651;8.7;3.8
53;2021-03-14;803;3;291522;125654;8.7;3.8
53;2021-03-15;6832;1833;298354;127487;8.9;3.8
53;2021-03-16;6950;3096;305304;130583;9.1;3.9
53;2021-03-17;8121;2624;313425;133207;9.4;4.0
53;2021-03-18;8598;4408;322023;137615;9.6;4.1
53;2021-03-19;12859;3597;334882;141212;10.0;4.2
53;2021-03-20;7072;775;341954;141987;10.2;4.3
53;2021-03-21;377;22;342331;142009;10.2;4.3
53;2021-03-22;7272;1872;349603;143881;10.5;4.3
53;2021-03-23;12842;3564;362445;147445;10.9;4.4
53;2021-03-24;14189;3186;376634;150631;11.3;4.5
53;2021-03-25;18036;3334;394670;153965;11.8;4.6
53;2021-03-26;20085;2953;414755;156918;12.4;4.7
53;2021-03-27;7364;882;422119;157800;12.6;4.7
53;2021-03-28;520;24;422639;157824;12.7;4.7
53;2021-03-29;9716;2988;432355;160812;12.9;4.8
53;2021-03-30;15128;4343;447483;165155;13.4;4.9
53;2021-03-31;13864;4169;461347;169324;13.8;5.1
53;2021-04-01;17713;4064;479060;173388;14.3;5.2
53;2021-04-02;17707;4101;496767;177489;14.9;5.3
53;2021-04-03;6387;1357;503154;178846;15.1;5.4
53;2021-04-04;500;31;503654;178877;15.1;5.4
53;2021-04-05;1204;324;504858;179201;15.1;5.4
53;2021-04-06;12034;5637;516892;184838;15.5;5.5
53;2021-04-07;14823;5222;531715;190060;15.9;5.7
53;2021-04-08;20294;5891;552009;195951;16.5;5.9
53;2021-04-09;26288;5116;578297;201067;17.3;6.0
53;2021-04-10;10223;1643;588520;202710;17.6;6.1
53;2021-04-11;802;185;589322;202895;17.6;6.1
53;2021-04-12;15672;4641;604994;207536;18.1;6.2
53;2021-04-13;21951;6750;626945;214286;18.8;6.4
75;2020-12-27;0;0;0;0;0.0;0.0
75;2020-12-28;1;0;1;0;0.0;0.0
75;2020-12-29;2;0;3;0;0.0;0.0
75;2020-12-30;2;0;5;0;0.0;0.0
75;2020-12-31;0;0;5;0;0.0;0.0
75;2021-01-01;0;0;5;0;0.0;0.0
75;2021-01-02;1;0;6;0;0.0;0.0
75;2021-01-03;0;0;6;0;0.0;0.0
75;2021-01-04;89;0;95;0;0.0;0.0
75;2021-01-05;124;0;219;0;0.0;0.0
75;2021-01-06;735;0;954;0;0.0;0.0
75;2021-01-07;4906;0;5860;0;0.1;0.0
75;2021-01-08;5382;0;11242;0;0.2;0.0
75;2021-01-09;843;0;12085;0;0.2;0.0
75;2021-01-10;479;0;12564;0;0.2;0.0
75;2021-01-11;3571;0;16135;0;0.3;0.0
75;2021-01-12;5939;0;22074;0;0.4;0.0
75;2021-01-13;6548;0;28622;0;0.5;0.0
75;2021-01-14;8107;0;36729;0;0.6;0.0
75;2021-01-15;7560;0;44289;0;0.7;0.0
75;2021-01-16;1515;68;45804;68;0.8;0.0
75;2021-01-17;421;4;46225;72;0.8;0.0
75;2021-01-18;6877;24;53102;96;0.9;0.0
75;2021-01-19;14021;11;67123;107;1.1;0.0
75;2021-01-20;15476;6;82599;113;1.4;0.0
75;2021-01-21;16887;16;99486;129;1.7;0.0
75;2021-01-22;12935;16;112421;145;1.9;0.0
75;2021-01-23;4418;2;116839;147;1.9;0.0
75;2021-01-24;698;2;117537;149;2.0;0.0
75;2021-01-25;8861;239;126398;388;2.1;0.0
75;2021-01-26;11617;609;138015;997;2.3;0.0
75;2021-01-27;12225;868;150240;1865;2.5;0.0
75;2021-01-28;12915;3142;163155;5007;2.7;0.1
75;2021-01-29;9982;3144;173137;8151;2.9;0.1
75;2021-01-30;3375;501;176512;8652;2.9;0.1
75;2021-01-31;644;400;177156;9052;3.0;0.2
75;2021-02-01;5760;2900;182916;11952;3.0;0.2
75;2021-02-02;9565;4934;192481;16886;3.2;0.3
75;2021-02-03;9572;4547;202053;21433;3.4;0.4
75;2021-02-04;10712;6382;212765;27815;3.5;0.5
75;2021-02-05;7474;5613;220239;33428;3.7;0.6
75;2021-02-06;2366;898;222605;34326;3.7;0.6
75;2021-02-07;672;228;223277;34554;3.7;0.6
75;2021-02-08;5127;3936;228404;38490;3.8;0.6
75;2021-02-09;7287;9483;235691;47973;3.9;0.8
75;2021-02-10;7550;9537;243241;57510;4.1;1.0
75;2021-02-11;8766;11887;252007;69397;4.2;1.2
75;2021-02-12;7383;8260;259390;77657;4.3;1.3
75;2021-02-13;1948;1687;261338;79344;4.4;1.3
75;2021-02-14;273;312;261611;79656;4.4;1.3
75;2021-02-15;3216;7303;264827;86959;4.4;1.4
75;2021-02-16;4602;10411;269429;97370;4.5;1.6
75;2021-02-17;4728;11483;274157;108853;4.6;1.8
75;2021-02-18;5339;13161;279496;122014;4.7;2.0
75;2021-02-19;5393;9332;284889;131346;4.7;2.2
75;2021-02-20;987;2614;285876;133960;4.8;2.2
75;2021-02-21;183;561;286059;134521;4.8;2.2
75;2021-02-22;3596;7773;289655;142294;4.8;2.4
75;2021-02-23;5309;10839;294964;153133;4.9;2.6
75;2021-02-24;6060;10375;301024;163508;5.0;2.7
75;2021-02-25;9880;11658;310904;175166;5.2;2.9
75;2021-02-26;12059;8148;322963;183314;5.4;3.1
75;2021-02-27;5735;2399;328698;185713;5.5;3.1
75;2021-02-28;309;567;329007;186280;5.5;3.1
75;2021-03-01;5045;6548;334052;192828;5.6;3.2
75;2021-03-02;9293;7903;343345;200731;5.7;3.3
75;2021-03-03;10731;7700;354076;208431;5.9;3.5
75;2021-03-04;16376;8331;370452;216762;6.2;3.6
75;2021-03-05;20586;6892;391038;223654;6.5;3.7
75;2021-03-06;13269;1952;404307;225606;6.7;3.8
75;2021-03-07;3683;260;407990;225866;6.8;3.8
75;2021-03-08;9914;5158;417904;231024;7.0;3.9
75;2021-03-09;16740;6445;434644;237469;7.2;4.0
75;2021-03-10;18064;6172;452708;243641;7.5;4.1
75;2021-03-11;26197;6430;478905;250071;8.0;4.2
75;2021-03-12;31041;4989;509946;255060;8.5;4.3
75;2021-03-13;17428;1074;527374;256134;8.8;4.3
75;2021-03-14;1681;186;529055;256320;8.8;4.3
75;2021-03-15;13973;3194;543028;259514;9.1;4.3
75;2021-03-16;13625;3455;556653;262969;9.3;4.4
75;2021-03-17;14617;3623;571270;266592;9.5;4.4
75;2021-03-18;16149;4406;587419;270998;9.8;4.5
75;2021-03-19;22132;3835;609551;274833;10.2;4.6
75;2021-03-20;13860;733;623411;275566;10.4;4.6
75;2021-03-21;2428;60;625839;275626;10.4;4.6
75;2021-03-22;16594;3144;642433;278770;10.7;4.6
75;2021-03-23;24818;3499;667251;282269;11.1;4.7
75;2021-03-24;26684;3924;693935;286193;11.6;4.8
75;2021-03-25;34789;4223;728724;290416;12.1;4.8
75;2021-03-26;37927;3534;766651;293950;12.8;4.9
75;2021-03-27;15280;1101;781931;295051;13.0;4.9
75;2021-03-28;2445;318;784376;295369;13.1;4.9
75;2021-03-29;22568;3754;806944;299123;13.4;5.0
75;2021-03-30;31222;5703;838166;304826;14.0;5.1
75;2021-03-31;29425;5651;867591;310477;14.5;5.2
75;2021-04-01;34317;6563;901908;317040;15.0;5.3
75;2021-04-02;31882;6312;933790;323352;15.6;5.4
75;2021-04-03;12475;2430;946265;325782;15.8;5.4
75;2021-04-04;2119;315;948384;326097;15.8;5.4
75;2021-04-05;6305;435;954689;326532;15.9;5.4
75;2021-04-06;25491;10729;980180;337261;16.3;5.6
75;2021-04-07;31806;10510;1011986;347771;16.9;5.8
75;2021-04-08;38818;11569;1050804;359340;17.5;6.0
75;2021-04-09;48313;10197;1099117;369537;18.3;6.2
75;2021-04-10;24045;4481;1123162;374018;18.7;6.2
75;2021-04-11;4904;567;1128066;374585;18.8;6.2
75;2021-04-12;26834;11236;1154900;385821;19.2;6.4
75;2021-04-13;34600;13642;1189500;399463;19.8;6.7
76;2020-12-27;0;0;0;0;0.0;0.0
76;2020-12-28;1;0;1;0;0.0;0.0
76;2020-12-29;0;0;1;0;0.0;0.0
76;2020-12-30;0;0;1;0;0.0;0.0
76;2020-12-31;1;0;2;0;0.0;0.0
76;2021-01-01;3;0;5;0;0.0;0.0
76;2021-01-02;2;0;7;0;0.0;0.0
76;2021-01-03;2;0;9;0;0.0;0.0
76;2021-01-04;59;0;68;0;0.0;0.0
76;2021-01-05;472;0;540;0;0.0;0.0
76;2021-01-06;779;0;1319;0;0.0;0.0
76;2021-01-07;2524;0;3843;0;0.1;0.0
76;2021-01-08;3166;0;7009;0;0.1;0.0
76;2021-01-09;1535;0;8544;0;0.1;0.0
76;2021-01-10;517;0;9061;0;0.2;0.0
76;2021-01-11;3498;0;12559;0;0.2;0.0
76;2021-01-12;5626;0;18185;0;0.3;0.0
76;2021-01-13;6410;0;24595;0;0.4;0.0
76;2021-01-14;8967;0;33562;0;0.6;0.0
76;2021-01-15;7207;0;40769;0;0.7;0.0
76;2021-01-16;1948;85;42717;85;0.7;0.0
76;2021-01-17;704;2;43421;87;0.7;0.0
76;2021-01-18;7619;12;51040;99;0.9;0.0
76;2021-01-19;11158;13;62198;112;1.0;0.0
76;2021-01-20;13600;9;75798;121;1.3;0.0
76;2021-01-21;16570;7;92368;128;1.6;0.0
76;2021-01-22;11758;14;104126;142;1.8;0.0
76;2021-01-23;3873;4;107999;146;1.8;0.0
76;2021-01-24;763;9;108762;155;1.8;0.0
76;2021-01-25;7801;85;116563;240;2.0;0.0
76;2021-01-26;10313;289;126876;529;2.1;0.0
76;2021-01-27;10800;565;137676;1094;2.3;0.0
76;2021-01-28;10093;1989;147769;3083;2.5;0.1
76;2021-01-29;8064;2250;155833;5333;2.6;0.1
76;2021-01-30;3178;709;159011;6042;2.7;0.1
76;2021-01-31;516;255;159527;6297;2.7;0.1
76;2021-02-01;5831;2680;165358;8977;2.8;0.2
76;2021-02-02;9986;4384;175344;13361;3.0;0.2
76;2021-02-03;9465;4473;184809;17834;3.1;0.3
76;2021-02-04;10041;6527;194850;24361;3.3;0.4
76;2021-02-05;7739;5129;202589;29490;3.4;0.5
76;2021-02-06;2674;959;205263;30449;3.5;0.5
76;2021-02-07;541;368;205804;30817;3.5;0.5
76;2021-02-08;4822;4387;210626;35204;3.6;0.6
76;2021-02-09;6285;7394;216911;42598;3.7;0.7
76;2021-02-10;7124;9929;224035;52527;3.8;0.9
76;2021-02-11;9011;12032;233046;64559;3.9;1.1
76;2021-02-12;7954;7746;241000;72305;4.1;1.2
76;2021-02-13;2635;2195;243635;74500;4.1;1.3
76;2021-02-14;350;783;243985;75283;4.1;1.3
76;2021-02-15;3351;6063;247336;81346;4.2;1.4
76;2021-02-16;4159;8726;251495;90072;4.2;1.5
76;2021-02-17;4344;9952;255839;100024;4.3;1.7
76;2021-02-18;5803;9800;261642;109824;4.4;1.9
76;2021-02-19;4782;8049;266424;117873;4.5;2.0
76;2021-02-20;1527;2877;267951;120750;4.5;2.0
76;2021-02-21;257;529;268208;121279;4.5;2.0
76;2021-02-22;3252;7348;271460;128627;4.6;2.2
76;2021-02-23;4852;10634;276312;139261;4.7;2.4
76;2021-02-24;4617;10588;280929;149849;4.7;2.5
76;2021-02-25;8183;9986;289112;159835;4.9;2.7
76;2021-02-26;9472;8107;298584;167942;5.0;2.8
76;2021-02-27;3636;2958;302220;170900;5.1;2.9
76;2021-02-28;421;334;302641;171234;5.1;2.9
76;2021-03-01;5191;6076;307832;177310;5.2;3.0
76;2021-03-02;8144;7303;315976;184613;5.3;3.1
76;2021-03-03;9082;7301;325058;191914;5.5;3.2
76;2021-03-04;14036;8205;339094;200119;5.7;3.4
76;2021-03-05;16648;6779;355742;206898;6.0;3.5
76;2021-03-06;15640;1946;371382;208844;6.3;3.5
76;2021-03-07;11266;232;382648;209076;6.5;3.5
76;2021-03-08;9798;5198;392446;214274;6.6;3.6
76;2021-03-09;15992;6021;408438;220295;6.9;3.7
76;2021-03-10;16291;6100;424729;226395;7.2;3.8
76;2021-03-11;22248;6119;446977;232514;7.5;3.9
76;2021-03-12;26092;4883;473069;237397;8.0;4.0
76;2021-03-13;14660;1958;487729;239355;8.2;4.0
76;2021-03-14;2291;213;490020;239568;8.3;4.0
76;2021-03-15;13346;3074;503366;242642;8.5;4.1
76;2021-03-16;11635;4397;515001;247039;8.7;4.2
76;2021-03-17;12681;3752;527682;250791;8.9;4.2
76;2021-03-18;13494;4586;541176;255377;9.1;4.3
76;2021-03-19;18432;3572;559608;258949;9.4;4.4
76;2021-03-20;10419;953;570027;259902;9.6;4.4
76;2021-03-21;3151;114;573178;260016;9.7;4.4
76;2021-03-22;14500;3206;587678;263222;9.9;4.4
76;2021-03-23;21904;3761;609582;266983;10.3;4.5
76;2021-03-24;23213;3556;632795;270539;10.7;4.6
76;2021-03-25;31325;4299;664120;274838;11.2;4.6
76;2021-03-26;30384;3421;694504;278259;11.7;4.7
76;2021-03-27;16040;1090;710544;279349;12.0;4.7
76;2021-03-28;4844;118;715388;279467;12.1;4.7
76;2021-03-29;22013;4401;737401;283868;12.4;4.8
76;2021-03-30;28999;5132;766400;289000;12.9;4.9
76;2021-03-31;26286;5048;792686;294048;13.4;5.0
76;2021-04-01;33385;5287;826071;299335;13.9;5.1
76;2021-04-02;28843;5167;854914;304502;14.4;5.1
76;2021-04-03;12013;2609;866927;307111;14.6;5.2
76;2021-04-04;4309;444;871236;307555;14.7;5.2
76;2021-04-05;4303;604;875539;308159;14.8;5.2
76;2021-04-06;21891;9466;897430;317625;15.1;5.4
76;2021-04-07;24540;9277;921970;326902;15.6;5.5
76;2021-04-08;32252;9394;954222;336296;16.1;5.7
76;2021-04-09;38068;8653;992290;344949;16.7;5.8
76;2021-04-10;22290;4532;1014580;349481;17.1;5.9
76;2021-04-11;8805;1148;1023385;350629;17.3;5.9
76;2021-04-12;25354;9825;1048739;360454;17.7;6.1
76;2021-04-13;34390;11909;1083129;372363;18.3;6.3
84;2020-12-27;0;0;0;0;0.0;0.0
84;2020-12-28;6;0;6;0;0.0;0.0
84;2020-12-29;5;0;11;0;0.0;0.0
84;2020-12-30;5;0;16;0;0.0;0.0
84;2020-12-31;12;0;28;0;0.0;0.0
84;2021-01-01;8;0;36;0;0.0;0.0
84;2021-01-02;1;0;37;0;0.0;0.0
84;2021-01-03;0;0;37;0;0.0;0.0
84;2021-01-04;173;0;210;0;0.0;0.0
84;2021-01-05;453;0;663;0;0.0;0.0
84;2021-01-06;1131;0;1794;0;0.0;0.0
84;2021-01-07;2833;0;4627;0;0.1;0.0
84;2021-01-08;3050;0;7677;0;0.1;0.0
84;2021-01-09;512;0;8189;0;0.1;0.0
84;2021-01-10;159;0;8348;0;0.1;0.0
84;2021-01-11;4251;0;12599;0;0.2;0.0
84;2021-01-12;6273;0;18872;0;0.2;0.0
84;2021-01-13;6771;0;25643;0;0.3;0.0
84;2021-01-14;8948;0;34591;0;0.4;0.0
84;2021-01-15;7670;0;42261;0;0.5;0.0
84;2021-01-16;2940;41;45201;41;0.6;0.0
84;2021-01-17;917;1;46118;42;0.6;0.0
84;2021-01-18;8900;21;55018;63;0.7;0.0
84;2021-01-19;14966;16;69984;79;0.9;0.0
84;2021-01-20;15399;16;85383;95;1.1;0.0
84;2021-01-21;14425;19;99808;114;1.2;0.0
84;2021-01-22;12337;21;112145;135;1.4;0.0
84;2021-01-23;4738;2;116883;137;1.5;0.0
84;2021-01-24;808;0;117691;137;1.5;0.0
84;2021-01-25;8721;164;126412;301;1.6;0.0
84;2021-01-26;11832;372;138244;673;1.7;0.0
84;2021-01-27;11977;695;150221;1368;1.9;0.0
84;2021-01-28;13683;1906;163904;3274;2.0;0.0
84;2021-01-29;10748;1497;174652;4771;2.2;0.1
84;2021-01-30;4129;303;178781;5074;2.2;0.1
84;2021-01-31;498;1;179279;5075;2.2;0.1
84;2021-02-01;6516;2187;185795;7262;2.3;0.1
84;2021-02-02;10494;3883;196289;11145;2.4;0.1
84;2021-02-03;11365;4349;207654;15494;2.6;0.2
84;2021-02-04;12440;6266;220094;21760;2.7;0.3
84;2021-02-05;8517;4968;228611;26728;2.8;0.3
84;2021-02-06;2630;1047;231241;27775;2.9;0.3
84;2021-02-07;451;432;231692;28207;2.9;0.4
84;2021-02-08;6188;4993;237880;33200;3.0;0.4
84;2021-02-09;9313;9445;247193;42645;3.1;0.5
84;2021-02-10;9518;9661;256711;52306;3.2;0.7
84;2021-02-11;10574;10646;267285;62952;3.3;0.8
84;2021-02-12;9544;8246;276829;71198;3.4;0.9
84;2021-02-13;3467;2241;280296;73439;3.5;0.9
84;2021-02-14;604;364;280900;73803;3.5;0.9
84;2021-02-15;4816;8674;285716;82477;3.6;1.0
84;2021-02-16;6015;10922;291731;93399;3.6;1.2
84;2021-02-17;5929;11902;297660;105301;3.7;1.3
84;2021-02-18;7029;12788;304689;118089;3.8;1.5
84;2021-02-19;6561;9433;311250;127522;3.9;1.6
84;2021-02-20;1816;3457;313066;130979;3.9;1.6
84;2021-02-21;177;503;313243;131482;3.9;1.6
84;2021-02-22;4229;9165;317472;140647;4.0;1.8
84;2021-02-23;7152;12191;324624;152838;4.0;1.9
84;2021-02-24;7663;12659;332287;165497;4.1;2.1
84;2021-02-25;12505;14205;344792;179702;4.3;2.2
84;2021-02-26;14719;9332;359511;189034;4.5;2.4
84;2021-02-27;5502;3005;365013;192039;4.5;2.4
84;2021-02-28;497;258;365510;192297;4.6;2.4
84;2021-03-01;9141;6486;374651;198783;4.7;2.5
84;2021-03-02;14797;8287;389448;207070;4.8;2.6
84;2021-03-03;14633;7920;404081;214990;5.0;2.7
84;2021-03-04;20619;7994;424700;222984;5.3;2.8
84;2021-03-05;25514;6643;450214;229627;5.6;2.9
84;2021-03-06;19114;2086;469328;231713;5.8;2.9
84;2021-03-07;8281;122;477609;231835;5.9;2.9
84;2021-03-08;12160;6132;489769;237967;6.1;3.0
84;2021-03-09;20510;6754;510279;244721;6.4;3.0
84;2021-03-10;20080;6470;530359;251191;6.6;3.1
84;2021-03-11;29091;6882;559450;258073;7.0;3.2
84;2021-03-12;35878;6217;595328;264290;7.4;3.3
84;2021-03-13;21165;1486;616493;265776;7.7;3.3
84;2021-03-14;4636;254;621129;266030;7.7;3.3
84;2021-03-15;18699;3757;639828;269787;8.0;3.4
84;2021-03-16;16950;5342;656778;275129;8.2;3.4
84;2021-03-17;17340;5496;674118;280625;8.4;3.5
84;2021-03-18;21216;6046;695334;286671;8.7;3.6
84;2021-03-19;28462;3976;723796;290647;9.0;3.6
84;2021-03-20;14420;823;738216;291470;9.2;3.6
84;2021-03-21;3207;112;741423;291582;9.2;3.6
84;2021-03-22;19490;3817;760913;295399;9.5;3.7
84;2021-03-23;30357;4601;791270;300000;9.9;3.7
84;2021-03-24;29607;4833;820877;304833;10.2;3.8
84;2021-03-25;40996;5226;861873;310059;10.7;3.9
84;2021-03-26;42428;4823;904301;314882;11.3;3.9
84;2021-03-27;17920;2276;922221;317158;11.5;3.9
84;2021-03-28;6436;315;928657;317473;11.6;4.0
84;2021-03-29;22578;6948;951235;324421;11.8;4.0
84;2021-03-30;34228;8753;985463;333174;12.3;4.1
84;2021-03-31;28705;9421;1014168;342595;12.6;4.3
84;2021-04-01;36005;9838;1050173;352433;13.1;4.4
84;2021-04-02;33879;9431;1084052;361864;13.5;4.5
84;2021-04-03;14603;5336;1098655;367200;13.7;4.6
84;2021-04-04;9639;1510;1108294;368710;13.8;4.6
84;2021-04-05;13158;839;1121452;369549;14.0;4.6
84;2021-04-06;25080;12433;1146532;381982;14.3;4.8
84;2021-04-07;28480;12828;1175012;394810;14.6;4.9
84;2021-04-08;38548;12901;1213560;407711;15.1;5.1
84;2021-04-09;48372;12496;1261932;420207;15.7;5.2
84;2021-04-10;20224;6988;1282156;427195;16.0;5.3
84;2021-04-11;7107;2212;1289263;429407;16.1;5.3
84;2021-04-12;26490;14199;1315753;443606;16.4;5.5
84;2021-04-13;34977;17133;1350730;460739;16.8;5.7
93;2020-12-27;0;0;0;0;0.0;0.0
93;2020-12-28;1;0;1;0;0.0;0.0
93;2020-12-29;1;0;2;0;0.0;0.0
93;2020-12-30;3;0;5;0;0.0;0.0
93;2020-12-31;19;0;24;0;0.0;0.0
93;2021-01-01;11;0;35;0;0.0;0.0
93;2021-01-02;2;0;37;0;0.0;0.0
93;2021-01-03;2;0;39;0;0.0;0.0
93;2021-01-04;132;0;171;0;0.0;0.0
93;2021-01-05;241;0;412;0;0.0;0.0
93;2021-01-06;404;0;816;0;0.0;0.0
93;2021-01-07;1238;0;2054;0;0.0;0.0
93;2021-01-08;1559;0;3613;0;0.1;0.0
93;2021-01-09;536;0;4149;0;0.1;0.0
93;2021-01-10;72;0;4221;0;0.1;0.0
93;2021-01-11;2372;0;6593;0;0.1;0.0
93;2021-01-12;4986;0;11579;0;0.2;0.0
93;2021-01-13;4342;0;15921;0;0.3;0.0
93;2021-01-14;5427;0;21348;0;0.4;0.0
93;2021-01-15;4877;0;26225;0;0.5;0.0
93;2021-01-16;1664;33;27889;33;0.6;0.0
93;2021-01-17;298;1;28187;34;0.6;0.0
93;2021-01-18;7114;12;35301;46;0.7;0.0
93;2021-01-19;13338;16;48639;62;1.0;0.0
93;2021-01-20;12160;15;60799;77;1.2;0.0
93;2021-01-21;12198;17;72997;94;1.4;0.0
93;2021-01-22;9980;9;82977;103;1.6;0.0
93;2021-01-23;3302;1;86279;104;1.7;0.0
93;2021-01-24;513;0;86792;104;1.7;0.0
93;2021-01-25;7186;83;93978;187;1.9;0.0
93;2021-01-26;9939;173;103917;360;2.1;0.0
93;2021-01-27;9562;372;113479;732;2.2;0.0
93;2021-01-28;13470;978;126949;1710;2.5;0.0
93;2021-01-29;9732;1155;136681;2865;2.7;0.1
93;2021-01-30;2229;116;138910;2981;2.7;0.1
93;2021-01-31;297;0;139207;2981;2.8;0.1
93;2021-02-01;5072;1695;144279;4676;2.9;0.1
93;2021-02-02;6494;2401;150773;7077;3.0;0.1
93;2021-02-03;5004;2095;155777;9172;3.1;0.2
93;2021-02-04;5460;4030;161237;13202;3.2;0.3
93;2021-02-05;5977;5062;167214;18264;3.3;0.4
93;2021-02-06;1234;1141;168448;19405;3.3;0.4
93;2021-02-07;278;18;168726;19423;3.3;0.4
93;2021-02-08;4283;4103;173009;23526;3.4;0.5
93;2021-02-09;5857;8302;178866;31828;3.5;0.6
93;2021-02-10;5871;6955;184737;38783;3.7;0.8
93;2021-02-11;6559;7315;191296;46098;3.8;0.9
93;2021-02-12;5652;6716;196948;52814;3.9;1.0
93;2021-02-13;1124;1655;198072;54469;3.9;1.1
93;2021-02-14;68;241;198140;54710;3.9;1.1
93;2021-02-15;2360;6178;200500;60888;4.0;1.2
93;2021-02-16;3127;8300;203627;69188;4.0;1.4
93;2021-02-17;3564;9821;207191;79009;4.1;1.6
93;2021-02-18;5909;13234;213100;92243;4.2;1.8
93;2021-02-19;5560;9148;218660;101391;4.3;2.0
93;2021-02-20;871;2511;219531;103902;4.3;2.1
93;2021-02-21;68;321;219599;104223;4.3;2.1
93;2021-02-22;2965;6554;222564;110777;4.4;2.2
93;2021-02-23;3911;6826;226475;117603;4.5;2.3
93;2021-02-24;4574;6988;231049;124591;4.6;2.5
93;2021-02-25;7995;6395;239044;130986;4.7;2.6
93;2021-02-26;8102;6347;247146;137333;4.9;2.7
93;2021-02-27;3209;1390;250355;138723;5.0;2.7
93;2021-02-28;299;207;250654;138930;5.0;2.7
93;2021-03-01;5511;4752;256165;143682;5.1;2.8
93;2021-03-02;6974;6471;263139;150153;5.2;3.0
93;2021-03-03;8577;6377;271716;156530;5.4;3.1
93;2021-03-04;11650;6990;283366;163520;5.6;3.2
93;2021-03-05;11898;5581;295264;169101;5.8;3.3
93;2021-03-06;21788;1025;317052;170126;6.3;3.4
93;2021-03-07;17416;132;334468;170258;6.6;3.4
93;2021-03-08;9995;4063;344463;174321;6.8;3.4
93;2021-03-09;13680;4804;358143;179125;7.1;3.5
93;2021-03-10;14119;4829;372262;183954;7.4;3.6
93;2021-03-11;19953;5828;392215;189782;7.8;3.8
93;2021-03-12;21508;4650;413723;194432;8.2;3.8
93;2021-03-13;23840;941;437563;195373;8.7;3.9
93;2021-03-14;6276;35;443839;195408;8.8;3.9
93;2021-03-15;15568;2251;459407;197659;9.1;3.9
93;2021-03-16;12547;2877;471954;200536;9.3;4.0
93;2021-03-17;15576;3322;487530;203858;9.6;4.0
93;2021-03-18;16730;4343;504260;208201;10.0;4.1
93;2021-03-19;20415;3735;524675;211936;10.4;4.2
93;2021-03-20;10844;819;535519;212755;10.6;4.2
93;2021-03-21;3229;59;538748;212814;10.7;4.2
93;2021-03-22;16771;2969;555519;215783;11.0;4.3
93;2021-03-23;22141;3402;577660;219185;11.4;4.3
93;2021-03-24;21577;5485;599237;224670;11.9;4.4
93;2021-03-25;28061;5265;627298;229935;12.4;4.5
93;2021-03-26;29175;4488;656473;234423;13.0;4.6
93;2021-03-27;12305;1630;668778;236053;13.2;4.7
93;2021-03-28;3512;203;672290;236256;13.3;4.7
93;2021-03-29;18068;4735;690358;240991;13.7;4.8
93;2021-03-30;27563;5296;717921;246287;14.2;4.9
93;2021-03-31;27863;5909;745784;252196;14.8;5.0
93;2021-04-01;29411;9462;775195;261658;15.3;5.2
93;2021-04-02;26059;9924;801254;271582;15.8;5.4
93;2021-04-03;9536;5040;810790;276622;16.0;5.5
93;2021-04-04;2068;1198;812858;277820;16.1;5.5
93;2021-04-05;5934;1234;818792;279054;16.2;5.5
93;2021-04-06;21606;9711;840398;288765;16.6;5.7
93;2021-04-07;24294;9404;864692;298169;17.1;5.9
93;2021-04-08;26396;13232;891088;311401;17.6;6.2
93;2021-04-09;28003;11438;919091;322839;18.2;6.4
93;2021-04-10;14464;6733;933555;329572;18.5;6.5
93;2021-04-11;3469;2760;937024;332332;18.5;6.6
93;2021-04-12;18754;9949;955778;342281;18.9;6.8
93;2021-04-13;22508;11378;978286;353659;19.4;7.0
94;2020-12-27;0;0;0;0;0.0;0.0
94;2020-12-28;0;0;0;0;0.0;0.0
94;2020-12-29;0;0;0;0;0.0;0.0
94;2020-12-30;0;0;0;0;0.0;0.0
94;2020-12-31;0;0;0;0;0.0;0.0
94;2021-01-01;0;0;0;0;0.0;0.0
94;2021-01-02;0;0;0;0;0.0;0.0
94;2021-01-03;0;0;0;0;0.0;0.0
94;2021-01-04;2;0;2;0;0.0;0.0
94;2021-01-05;0;0;2;0;0.0;0.0
94;2021-01-06;53;0;55;0;0.0;0.0
94;2021-01-07;330;0;385;0;0.1;0.0
94;2021-01-08;309;0;694;0;0.2;0.0
94;2021-01-09;76;0;770;0;0.2;0.0
94;2021-01-10;34;0;804;0;0.2;0.0
94;2021-01-11;151;0;955;0;0.3;0.0
94;2021-01-12;206;0;1161;0;0.3;0.0
94;2021-01-13;203;0;1364;0;0.4;0.0
94;2021-01-14;263;0;1627;0;0.5;0.0
94;2021-01-15;380;0;2007;0;0.6;0.0
94;2021-01-16;197;3;2204;3;0.6;0.0
94;2021-01-17;89;1;2293;4;0.7;0.0
94;2021-01-18;470;2;2763;6;0.8;0.0
94;2021-01-19;980;0;3743;6;1.1;0.0
94;2021-01-20;808;0;4551;6;1.3;0.0
94;2021-01-21;806;1;5357;7;1.6;0.0
94;2021-01-22;704;0;6061;7;1.8;0.0
94;2021-01-23;243;1;6304;8;1.8;0.0
94;2021-01-24;146;0;6450;8;1.9;0.0
94;2021-01-25;422;2;6872;10;2.0;0.0
94;2021-01-26;789;7;7661;17;2.2;0.0
94;2021-01-27;663;56;8324;73;2.4;0.0
94;2021-01-28;702;242;9026;315;2.6;0.1
94;2021-01-29;613;250;9639;565;2.8;0.2
94;2021-01-30;204;75;9843;640;2.9;0.2
94;2021-01-31;150;7;9993;647;2.9;0.2
94;2021-02-01;456;170;10449;817;3.0;0.2
94;2021-02-02;643;193;11092;1010;3.2;0.3
94;2021-02-03;780;168;11872;1178;3.4;0.3
94;2021-02-04;714;308;12586;1486;3.7;0.4
94;2021-02-05;658;260;13244;1746;3.8;0.5
94;2021-02-06;207;82;13451;1828;3.9;0.5
94;2021-02-07;126;58;13577;1886;3.9;0.5
94;2021-02-08;322;384;13899;2270;4.0;0.7
94;2021-02-09;713;646;14612;2916;4.2;0.8
94;2021-02-10;643;406;15255;3322;4.4;1.0
94;2021-02-11;679;457;15934;3779;4.6;1.1
94;2021-02-12;642;416;16576;4195;4.8;1.2
94;2021-02-13;301;107;16877;4302;4.9;1.2
94;2021-02-14;193;79;17070;4381;5.0;1.3
94;2021-02-15;376;284;17446;4665;5.1;1.4
94;2021-02-16;635;607;18081;5272;5.2;1.5
94;2021-02-17;592;484;18673;5756;5.4;1.7
94;2021-02-18;550;547;19223;6303;5.6;1.8
94;2021-02-19;306;599;19529;6902;5.7;2.0
94;2021-02-20;275;194;19804;7096;5.7;2.1
94;2021-02-21;84;95;19888;7191;5.8;2.1
94;2021-02-22;211;404;20099;7595;5.8;2.2
94;2021-02-23;352;649;20451;8244;5.9;2.4
94;2021-02-24;297;603;20748;8847;6.0;2.6
94;2021-02-25;347;609;21095;9456;6.1;2.7
94;2021-02-26;415;556;21510;10012;6.2;2.9
94;2021-02-27;368;152;21878;10164;6.3;2.9
94;2021-02-28;69;124;21947;10288;6.4;3.0
94;2021-03-01;353;428;22300;10716;6.5;3.1
94;2021-03-02;545;651;22845;11367;6.6;3.3
94;2021-03-03;522;687;23367;12054;6.8;3.5
94;2021-03-04;945;645;24312;12699;7.1;3.7
94;2021-03-05;1566;651;25878;13350;7.5;3.9
94;2021-03-06;1837;151;27715;13501;8.0;3.9
94;2021-03-07;1372;97;29087;13598;8.4;3.9
94;2021-03-08;1219;317;30306;13915;8.8;4.0
94;2021-03-09;1284;647;31590;14562;9.2;4.2
94;2021-03-10;1249;570;32839;15132;9.5;4.4
94;2021-03-11;1297;617;34136;15749;9.9;4.6
94;2021-03-12;1489;547;35625;16296;10.3;4.7
94;2021-03-13;1098;297;36723;16593;10.7;4.8
94;2021-03-14;534;183;37257;16776;10.8;4.9
94;2021-03-15;874;389;38131;17165;11.1;5.0
94;2021-03-16;1053;582;39184;17747;11.4;5.1
94;2021-03-17;1216;512;40400;18259;11.7;5.3
94;2021-03-18;985;531;41385;18790;12.0;5.5
94;2021-03-19;1261;316;42646;19106;12.4;5.5
94;2021-03-20;1706;283;44352;19389;12.9;5.6
94;2021-03-21;1119;74;45471;19463;13.2;5.6
94;2021-03-22;882;174;46353;19637;13.4;5.7
94;2021-03-23;1271;332;47624;19969;13.8;5.8
94;2021-03-24;1670;257;49294;20226;14.3;5.9
94;2021-03-25;1716;255;51010;20481;14.8;5.9
94;2021-03-26;1984;334;52994;20815;15.4;6.0
94;2021-03-27;2255;207;55249;21022;16.0;6.1
94;2021-03-28;1062;274;56311;21296;16.3;6.2
94;2021-03-29;1012;226;57323;21522;16.6;6.2
94;2021-03-30;1341;540;58664;22062;17.0;6.4
94;2021-03-31;1406;429;60070;22491;17.4;6.5
94;2021-04-01;1609;655;61679;23146;17.9;6.7
94;2021-04-02;1828;1170;63507;24316;18.4;7.1
94;2021-04-03;1880;1110;65387;25426;19.0;7.4
94;2021-04-04;761;835;66148;26261;19.2;7.6
94;2021-04-05;621;795;66769;27056;19.4;7.8
94;2021-04-06;1510;912;68279;27968;19.8;8.1
94;2021-04-07;1941;805;70220;28773;20.4;8.3
94;2021-04-08;2143;723;72363;29496;21.0;8.6
94;2021-04-09;2050;871;74413;30367;21.6;8.8
94;2021-04-10;2376;681;76789;31048;22.3;9.0
94;2021-04-11;1170;336;77959;31384;22.6;9.1
94;2021-04-12;1515;739;79474;32123;23.1;9.3
94;2021-04-13;1359;946;80833;33069;23.5;9.6
