fra;jour;n_dose1;n_complet;n_rappel;n_2_rappel;n_cum_dose1;n_cum_complet;n_cum_rappel;n_cum_2_rappel;couv_dose1;couv_complet;couv_rappel;couv_2_rappel
FR;2020-12-27;607;55;0;0;607;55;0;0;0.0;0.0;0.0;0.0
FR;2020-12-28;675;42;0;0;1282;97;0;0;0.0;0.0;0.0;0.0
FR;2020-12-29;377;19;0;0;1659;116;0;0;0.0;0.0;0.0;0.0
FR;2020-12-30;441;18;0;0;2100;134;0;0;0.0;0.0;0.0;0.0
FR;2020-12-31;438;24;0;0;2538;158;0;0;0.0;0.0;0.0;0.0
FR;2021-01-01;1144;64;0;0;3682;222;0;0;0.0;0.0;0.0;0.0
FR;2021-01-02;362;30;0;0;4044;252;0;0;0.0;0.0;0.0;0.0
FR;2021-01-03;402;27;0;0;4446;279;0;0;0.0;0.0;0.0;0.0
FR;2021-01-04;2096;48;0;0;6542;327;0;0;0.0;0.0;0.0;0.0
FR;2021-01-05;7739;130;0;0;14281;457;0;0;0.0;0.0;0.0;0.0
FR;2021-01-06;12453;123;0;0;26734;580;0;0;0.0;0.0;0.0;0.0
FR;2021-01-07;29455;159;0;0;56189;739;0;0;0.1;0.0;0.0;0.0
FR;2021-01-08;37138;196;0;0;93327;935;0;0;0.1;0.0;0.0;0.0
FR;2021-01-09;11210;78;0;0;104537;1013;0;0;0.2;0.0;0.0;0.0
FR;2021-01-10;6003;26;0;0;110540;1039;0;0;0.2;0.0;0.0;0.0
FR;2021-01-11;39925;220;0;0;150465;1259;0;0;0.2;0.0;0.0;0.0
FR;2021-01-12;62130;310;0;0;212595;1569;0;0;0.3;0.0;0.0;0.0
FR;2021-01-13;65114;428;0;0;277709;1997;0;0;0.4;0.0;0.0;0.0
FR;2021-01-14;83115;1190;0;0;360824;3187;0;0;0.5;0.0;0.0;0.0
FR;2021-01-15;69001;558;0;0;429825;3745;0;0;0.6;0.0;0.0;0.0
FR;2021-01-16;20210;185;0;0;450035;3930;0;0;0.7;0.0;0.0;0.0
FR;2021-01-17;10981;133;0;0;461016;4063;0;0;0.7;0.0;0.0;0.0
FR;2021-01-18;85890;615;0;0;546906;4678;0;0;0.8;0.0;0.0;0.0
FR;2021-01-19;130588;871;0;0;677494;5549;0;0;1.0;0.0;0.0;0.0
FR;2021-01-20;137536;854;0;0;815030;6403;0;0;1.2;0.0;0.0;0.0
FR;2021-01-21;158390;964;0;0;973420;7367;0;0;1.4;0.0;0.0;0.0
FR;2021-01-22;121055;838;0;0;1094475;8205;0;0;1.6;0.0;0.0;0.0
FR;2021-01-23;38473;208;0;0;1132948;8413;0;0;1.7;0.0;0.0;0.0
FR;2021-01-24;9741;151;0;0;1142689;8564;0;0;1.7;0.0;0.0;0.0
FR;2021-01-25;78229;1663;0;0;1220918;10227;0;0;1.8;0.0;0.0;0.0
FR;2021-01-26;100370;3832;0;0;1321288;14059;0;0;2.0;0.0;0.0;0.0
FR;2021-01-27;107231;6742;0;0;1428519;20801;0;0;2.1;0.0;0.0;0.0
FR;2021-01-28;124338;16095;0;0;1552857;36896;0;0;2.3;0.1;0.0;0.0
FR;2021-01-29;92176;18450;0;0;1645033;55346;0;0;2.4;0.1;0.0;0.0
FR;2021-01-30;29116;4471;0;0;1674149;59817;0;0;2.5;0.1;0.0;0.0
FR;2021-01-31;5231;1815;0;0;1679380;61632;0;0;2.5;0.1;0.0;0.0
FR;2021-02-01;53113;22015;0;0;1732493;83647;0;0;2.6;0.1;0.0;0.0
FR;2021-02-02;72292;36747;0;0;1804785;120394;0;0;2.7;0.2;0.0;0.0
FR;2021-02-03;72297;38970;0;0;1877082;159364;0;0;2.8;0.2;0.0;0.0
FR;2021-02-04;82060;52851;0;0;1959142;212215;0;0;2.9;0.3;0.0;0.0
FR;2021-02-05;68224;46829;0;0;2027366;259044;0;0;3.0;0.4;0.0;0.0
FR;2021-02-06;23072;11098;0;0;2050438;270142;0;0;3.0;0.4;0.0;0.0
FR;2021-02-07;5184;5568;0;0;2055622;275710;0;0;3.0;0.4;0.0;0.0
FR;2021-02-08;46828;47697;0;0;2102450;323407;0;0;3.1;0.5;0.0;0.0
FR;2021-02-09;66000;76402;0;0;2168450;399809;0;0;3.2;0.6;0.0;0.0
FR;2021-02-10;70997;81324;0;0;2239447;481133;0;0;3.3;0.7;0.0;0.0
FR;2021-02-11;87266;103880;0;0;2326713;585013;0;0;3.4;0.9;0.0;0.0
FR;2021-02-12;79306;76870;0;0;2406019;661883;0;0;3.6;1.0;0.0;0.0
FR;2021-02-13;22367;19870;0;0;2428386;681753;0;0;3.6;1.0;0.0;0.0
FR;2021-02-14;5073;7435;0;0;2433459;689188;0;0;3.6;1.0;0.0;0.0
FR;2021-02-15;38078;77517;0;0;2471537;766705;0;0;3.7;1.1;0.0;0.0
FR;2021-02-16;50382;101760;0;0;2521919;868465;0;0;3.7;1.3;0.0;0.0
FR;2021-02-17;50517;106459;0;0;2572436;974924;0;0;3.8;1.4;0.0;0.0
FR;2021-02-18;69777;123039;0;0;2642213;1097963;0;0;3.9;1.6;0.0;0.0
FR;2021-02-19;65056;93037;0;0;2707269;1191000;0;0;4.0;1.8;0.0;0.0
FR;2021-02-20;18580;28952;0;0;2725849;1219952;0;0;4.0;1.8;0.0;0.0
FR;2021-02-21;3316;6372;0;0;2729165;1226324;0;0;4.0;1.8;0.0;0.0
FR;2021-02-22;37491;74152;0;0;2766656;1300476;0;0;4.1;1.9;0.0;0.0
FR;2021-02-23;53770;86043;0;0;2820426;1386519;0;0;4.2;2.0;0.0;0.0
FR;2021-02-24;59991;83501;0;0;2880417;1470020;0;0;4.3;2.2;0.0;0.0
FR;2021-02-25;100554;94251;0;0;2980971;1564271;0;0;4.4;2.3;0.0;0.0
FR;2021-02-26;113447;73768;0;0;3094418;1638039;0;0;4.6;2.4;0.0;0.0
FR;2021-02-27;52093;23436;0;0;3146511;1661475;0;0;4.6;2.5;0.0;0.0
FR;2021-02-28;6193;4446;0;0;3152704;1665921;0;0;4.7;2.5;0.0;0.0
FR;2021-03-01;65856;55276;0;0;3218560;1721197;0;0;4.8;2.5;0.0;0.0
FR;2021-03-02;101363;69773;0;0;3319923;1790970;0;0;4.9;2.6;0.0;0.0
FR;2021-03-03;116495;69118;0;0;3436418;1860088;0;0;5.1;2.7;0.0;0.0
FR;2021-03-04;163605;76385;0;0;3600023;1936473;0;0;5.3;2.9;0.0;0.0
FR;2021-03-05;200899;69661;0;0;3800922;2006134;0;0;5.6;3.0;0.0;0.0
FR;2021-03-06;207941;22982;0;0;4008863;2029116;0;0;5.9;3.0;0.0;0.0
FR;2021-03-07;121268;8078;0;0;4130131;2037194;0;0;6.1;3.0;0.0;0.0
FR;2021-03-08;107132;53563;0;0;4237263;2090757;0;0;6.3;3.1;0.0;0.0
FR;2021-03-09;172438;61792;0;0;4409701;2152549;0;0;6.5;3.2;0.0;0.0
FR;2021-03-10;178966;62695;0;0;4588667;2215244;0;0;6.8;3.3;0.0;0.0
FR;2021-03-11;242853;71633;0;0;4831520;2286877;0;0;7.1;3.4;0.0;0.0
FR;2021-03-12;294794;62829;0;0;5126314;2349706;0;0;7.6;3.5;0.0;0.0
FR;2021-03-13;231386;21296;0;0;5357700;2371002;0;0;7.9;3.5;0.0;0.0
FR;2021-03-14;63344;5266;0;0;5421044;2376268;0;0;8.0;3.5;0.0;0.0
FR;2021-03-15;158628;36692;0;0;5579672;2412960;0;0;8.2;3.6;0.0;0.0
FR;2021-03-16;141552;43168;0;0;5721224;2456128;0;0;8.5;3.6;0.0;0.0
FR;2021-03-17;150464;42875;0;0;5871688;2499003;0;0;8.7;3.7;0.0;0.0
FR;2021-03-18;167806;49992;0;0;6039494;2548995;0;0;8.9;3.8;0.0;0.0
FR;2021-03-19;229982;44411;0;0;6269476;2593406;0;0;9.3;3.8;0.0;0.0
FR;2021-03-20;166658;16136;0;0;6436134;2609542;0;0;9.5;3.9;0.0;0.0
FR;2021-03-21;49928;4150;0;0;6486062;2613692;0;0;9.6;3.9;0.0;0.0
FR;2021-03-22;170013;39380;0;0;6656075;2653072;0;0;9.8;3.9;0.0;0.0
FR;2021-03-23;250354;50165;0;0;6906429;2703237;0;0;10.2;4.0;0.0;0.0
FR;2021-03-24;256873;51633;0;0;7163302;2754870;0;0;10.6;4.1;0.0;0.0
FR;2021-03-25;341786;55851;0;0;7505088;2810721;0;0;11.1;4.2;0.0;0.0
FR;2021-03-26;358771;53605;0;0;7863859;2864326;0;0;11.6;4.2;0.0;0.0
FR;2021-03-27;195245;23234;0;0;8059104;2887560;0;0;11.9;4.3;0.0;0.0
FR;2021-03-28;59329;6229;0;0;8118433;2893789;0;0;12.0;4.3;0.0;0.0
FR;2021-03-29;202950;60506;0;0;8321383;2954295;0;0;12.3;4.4;0.0;0.0
FR;2021-03-30;285453;80118;0;0;8606836;3034413;0;0;12.7;4.5;0.0;0.0
FR;2021-03-31;262997;84043;0;0;8869833;3118456;0;0;13.1;4.6;0.0;0.0
FR;2021-04-01;315430;103654;0;0;9185263;3222110;0;0;13.6;4.8;0.0;0.0
FR;2021-04-02;281307;105022;0;0;9466570;3327132;0;0;14.0;4.9;0.0;0.0
FR;2021-04-03;141058;67315;0;0;9607628;3394447;0;0;14.2;5.0;0.0;0.0
FR;2021-04-04;46524;20826;0;0;9654152;3415273;0;0;14.3;5.0;0.0;0.0
FR;2021-04-05;63320;13345;0;0;9717472;3428618;0;0;14.4;5.1;0.0;0.0
FR;2021-04-06;217183;118855;0;0;9934655;3547473;0;0;14.7;5.2;0.0;0.0
FR;2021-04-07;260229;126553;0;0;10194884;3674026;0;0;15.1;5.4;0.0;0.0
FR;2021-04-08;337782;137610;0;0;10532666;3811636;0;0;15.6;5.6;0.0;0.0
FR;2021-04-09;410116;133835;0;0;10942782;3945471;0;0;16.2;5.8;0.0;0.0
FR;2021-04-10;212603;91043;0;0;11155385;4036514;0;0;16.5;6.0;0.0;0.0
FR;2021-04-11;56133;36881;0;0;11211518;4073395;0;0;16.6;6.0;0.0;0.0
FR;2021-04-12;237035;124940;0;0;11448553;4198335;0;0;16.9;6.2;0.0;0.0
FR;2021-04-13;309446;157255;0;0;11757999;4355590;0;0;17.4;6.4;0.0;0.0
FR;2021-04-14;294490;152668;0;0;12052489;4508258;0;0;17.8;6.7;0.0;0.0
FR;2021-04-15;337051;164383;0;0;12389540;4672641;0;0;18.3;6.9;0.0;0.0
FR;2021-04-16;339247;160723;0;0;12728787;4833364;0;0;18.8;7.1;0.0;0.0
FR;2021-04-17;188641;97616;0;0;12917428;4930980;0;0;19.1;7.3;0.0;0.0
FR;2021-04-18;51610;37786;0;0;12969038;4968766;0;0;19.2;7.3;0.0;0.0
FR;2021-04-19;205662;147248;0;0;13174700;5116014;0;0;19.5;7.6;0.0;0.0
FR;2021-04-20;254379;182739;0;0;13429079;5298753;0;0;19.8;7.8;0.0;0.0
FR;2021-04-21;253217;181299;0;0;13682296;5480052;0;0;20.2;8.1;0.0;0.0
FR;2021-04-22;287517;203632;0;0;13969813;5683684;0;0;20.6;8.4;0.0;0.0
FR;2021-04-23;297875;202615;0;0;14267688;5886299;0;0;21.1;8.7;0.0;0.0
FR;2021-04-24;190435;122065;0;0;14458123;6008364;0;0;21.4;8.9;0.0;0.0
FR;2021-04-25;69550;42491;0;0;14527673;6050855;0;0;21.5;8.9;0.0;0.0
FR;2021-04-26;220926;169940;0;0;14748599;6220795;0;0;21.8;9.2;0.0;0.0
FR;2021-04-27;284569;210741;0;0;15033168;6431536;0;0;22.2;9.5;0.0;0.0
FR;2021-04-28;299471;208596;1;0;15332639;6640132;1;0;22.7;9.8;0.0;0.0
FR;2021-04-29;357086;231954;0;0;15689725;6872086;1;0;23.2;10.2;0.0;0.0
FR;2021-04-30;372174;224423;0;0;16061899;7096509;1;0;23.7;10.5;0.0;0.0
FR;2021-05-01;167619;63727;0;0;16229518;7160236;1;0;24.0;10.6;0.0;0.0
FR;2021-05-02;91723;43482;0;0;16321241;7203718;1;0;24.1;10.6;0.0;0.0
FR;2021-05-03;288894;188142;0;0;16610135;7391860;1;0;24.5;10.9;0.0;0.0
FR;2021-05-04;315633;250748;0;0;16925768;7642608;1;0;25.0;11.3;0.0;0.0
FR;2021-05-05;327148;250160;0;0;17252916;7892768;1;0;25.5;11.7;0.0;0.0
FR;2021-05-06;379477;274029;0;0;17632393;8166797;1;0;26.1;12.1;0.0;0.0
FR;2021-05-07;372715;298601;0;0;18005108;8465398;1;0;26.6;12.5;0.0;0.0
FR;2021-05-08;222143;83579;0;0;18227251;8548977;1;0;26.9;12.6;0.0;0.0
FR;2021-05-09;129688;54631;0;0;18356939;8603608;1;0;27.1;12.7;0.0;0.0
FR;2021-05-10;313345;254684;0;0;18670284;8858292;1;0;27.6;13.1;0.0;0.0
FR;2021-05-11;403857;296295;0;0;19074141;9154587;1;0;28.2;13.5;0.0;0.0
FR;2021-05-12;434068;269453;0;0;19508209;9424040;1;0;28.8;13.9;0.0;0.0
FR;2021-05-13;338573;78324;0;0;19846782;9502364;1;0;29.3;14.0;0.0;0.0
FR;2021-05-14;454079;202902;0;0;20300861;9705266;1;0;30.0;14.3;0.0;0.0
FR;2021-05-15;374944;120493;0;0;20675805;9825759;1;0;30.6;14.5;0.0;0.0
FR;2021-05-16;202735;34112;0;0;20878540;9859871;1;0;30.8;14.6;0.0;0.0
FR;2021-05-17;376090;178564;0;0;21254630;10038435;1;0;31.4;14.8;0.0;0.0
FR;2021-05-18;460102;192466;0;0;21714732;10230901;1;0;32.1;15.1;0.0;0.0
FR;2021-05-19;467355;181389;0;0;22182087;10412290;1;0;32.8;15.4;0.0;0.0
FR;2021-05-20;507485;204237;0;0;22689572;10616527;1;0;33.5;15.7;0.0;0.0
FR;2021-05-21;489626;221097;0;0;23179198;10837624;1;0;34.2;16.0;0.0;0.0
FR;2021-05-22;347163;108352;0;0;23526361;10945976;1;0;34.8;16.2;0.0;0.0
FR;2021-05-23;161682;26809;0;0;23688043;10972785;1;0;35.0;16.2;0.0;0.0
FR;2021-05-24;263164;53042;0;0;23951207;11025827;1;0;35.4;16.3;0.0;0.0
FR;2021-05-25;400240;226181;0;0;24351447;11252008;1;0;36.0;16.6;0.0;0.0
FR;2021-05-26;413416;227146;0;0;24764863;11479154;1;0;36.6;17.0;0.0;0.0
FR;2021-05-27;449766;266183;0;0;25214629;11745337;1;0;37.3;17.4;0.0;0.0
FR;2021-05-28;429520;317865;0;0;25644149;12063202;1;0;37.9;17.8;0.0;0.0
FR;2021-05-29;298961;182456;0;0;25943110;12245658;1;0;38.3;18.1;0.0;0.0
FR;2021-05-30;107132;42166;0;0;26050242;12287824;1;0;38.5;18.2;0.0;0.0
FR;2021-05-31;358004;241573;1;0;26408246;12529397;2;0;39.0;18.5;0.0;0.0
FR;2021-06-01;430943;302848;1;0;26839189;12832245;3;0;39.7;19.0;0.0;0.0
FR;2021-06-02;420041;278489;0;0;27259230;13110734;3;0;40.3;19.4;0.0;0.0
FR;2021-06-03;465510;312991;0;0;27724740;13423725;3;0;41.0;19.8;0.0;0.0
FR;2021-06-04;455861;362291;1;0;28180601;13786016;4;0;41.6;20.4;0.0;0.0
FR;2021-06-05;304772;222306;0;0;28485373;14008322;4;0;42.1;20.7;0.0;0.0
FR;2021-06-06;133286;61234;0;0;28618659;14069556;4;0;42.3;20.8;0.0;0.0
FR;2021-06-07;339357;298917;0;0;28958016;14368473;4;0;42.8;21.2;0.0;0.0
FR;2021-06-08;393677;337684;0;0;29351693;14706157;4;0;43.4;21.7;0.0;0.0
FR;2021-06-09;384761;319384;0;0;29736454;15025541;4;0;43.9;22.2;0.0;0.0
FR;2021-06-10;404104;337795;0;0;30140558;15363336;4;0;44.5;22.7;0.0;0.0
FR;2021-06-11;386594;407321;0;0;30527152;15770657;4;0;45.1;23.3;0.0;0.0
FR;2021-06-12;283232;243292;0;0;30810384;16013949;4;0;45.5;23.7;0.0;0.0
FR;2021-06-13;104873;84934;0;0;30915257;16098883;4;0;45.7;23.8;0.0;0.0
FR;2021-06-14;240777;384246;0;0;31156034;16483129;4;0;46.0;24.4;0.0;0.0
FR;2021-06-15;308073;424013;0;0;31464107;16907142;4;0;46.5;25.0;0.0;0.0
FR;2021-06-16;313934;395332;0;0;31778041;17302474;4;0;47.0;25.6;0.0;0.0
FR;2021-06-17;317624;413747;0;0;32095665;17716221;4;0;47.4;26.2;0.0;0.0
FR;2021-06-18;321696;485794;0;0;32417361;18202015;4;0;47.9;26.9;0.0;0.0
FR;2021-06-19;224326;300953;0;0;32641687;18502968;4;0;48.2;27.3;0.0;0.0
FR;2021-06-20;74415;111702;0;0;32716102;18614670;4;0;48.3;27.5;0.0;0.0
FR;2021-06-21;195710;427722;1;0;32911812;19042392;5;0;48.6;28.1;0.0;0.0
FR;2021-06-22;223138;500019;2;0;33134950;19542411;7;0;49.0;28.9;0.0;0.0
FR;2021-06-23;233982;474008;1;0;33368932;20016419;8;0;49.3;29.6;0.0;0.0
FR;2021-06-24;241821;447037;0;0;33610753;20463456;8;0;49.7;30.2;0.0;0.0
FR;2021-06-25;227604;561382;0;0;33838357;21024838;8;0;50.0;31.1;0.0;0.0
FR;2021-06-26;153221;395544;0;0;33991578;21420382;8;0;50.2;31.7;0.0;0.0
FR;2021-06-27;55882;165059;0;0;34047460;21585441;8;0;50.3;31.9;0.0;0.0
FR;2021-06-28;154731;478328;0;0;34202191;22063769;8;0;50.5;32.6;0.0;0.0
FR;2021-06-29;182650;538486;0;0;34384841;22602255;8;0;50.8;33.4;0.0;0.0
FR;2021-06-30;203950;518290;2;0;34588791;23120545;10;0;51.1;34.2;0.0;0.0
FR;2021-07-01;231253;497992;1;0;34820044;23618537;11;0;51.4;34.9;0.0;0.0
FR;2021-07-02;228518;562545;2;0;35048562;24181082;13;0;51.8;35.7;0.0;0.0
FR;2021-07-03;142020;395272;1;0;35190582;24576354;14;0;52.0;36.3;0.0;0.0
FR;2021-07-04;56712;150912;0;0;35247294;24727266;14;0;52.1;36.5;0.0;0.0
FR;2021-07-05;168436;449216;2;0;35415730;25176482;16;0;52.3;37.2;0.0;0.0
FR;2021-07-06;196699;511428;8;0;35612429;25687910;24;0;52.6;38.0;0.0;0.0
FR;2021-07-07;213071;477774;5;0;35825500;26165684;29;0;52.9;38.7;0.0;0.0
FR;2021-07-08;231506;468226;6;0;36057006;26633910;35;0;53.3;39.4;0.0;0.0
FR;2021-07-09;228392;557380;2;0;36285398;27191290;37;0;53.6;40.2;0.0;0.0
FR;2021-07-10;148549;368877;1;0;36433947;27560167;38;0;53.8;40.7;0.0;0.0
FR;2021-07-11;60158;121076;0;0;36494105;27681243;38;0;53.9;40.9;0.0;0.0
FR;2021-07-12;169017;513006;0;0;36663122;28194249;38;0;54.2;41.7;0.0;0.0
FR;2021-07-13;287116;586467;1;0;36950238;28780716;39;0;54.6;42.5;0.0;0.0
FR;2021-07-14;180939;187017;0;0;37131177;28967733;39;0;54.9;42.8;0.0;0.0
FR;2021-07-15;346957;572482;0;0;37478134;29540215;39;0;55.4;43.6;0.0;0.0
FR;2021-07-16;379968;575094;1;0;37858102;30115309;40;0;55.9;44.5;0.0;0.0
FR;2021-07-17;259666;368820;0;0;38117768;30484129;40;0;56.3;45.0;0.0;0.0
FR;2021-07-18;109675;133222;0;0;38227443;30617351;40;0;56.5;45.2;0.0;0.0
FR;2021-07-19;285355;479919;0;0;38512798;31097270;40;0;56.9;45.9;0.0;0.0
FR;2021-07-20;376780;524661;0;0;38889578;31621931;40;0;57.5;46.7;0.0;0.0
FR;2021-07-21;395665;482832;2;0;39285243;32104763;42;0;58.0;47.4;0.0;0.0
FR;2021-07-22;440939;472595;2;0;39726182;32577358;44;0;58.7;48.1;0.0;0.0
FR;2021-07-23;440188;511056;1;0;40166370;33088414;45;0;59.3;48.9;0.0;0.0
FR;2021-07-24;285196;322289;0;0;40451566;33410703;45;0;59.8;49.4;0.0;0.0
FR;2021-07-25;121067;100403;0;0;40572633;33511106;45;0;59.9;49.5;0.0;0.0
FR;2021-07-26;347312;385656;2;0;40919945;33896762;47;0;60.5;50.1;0.0;0.0
FR;2021-07-27;463954;401404;2;0;41383899;34298166;49;0;61.1;50.7;0.0;0.0
FR;2021-07-28;459350;367628;2;0;41843249;34665794;51;0;61.8;51.2;0.0;0.0
FR;2021-07-29;489723;357815;1;0;42332972;35023609;52;0;62.6;51.8;0.0;0.0
FR;2021-07-30;461689;381477;1;0;42794661;35405086;53;0;63.2;52.3;0.0;0.0
FR;2021-07-31;285361;231683;0;0;43080022;35636769;53;0;63.7;52.7;0.0;0.0
FR;2021-08-01;111961;65805;0;0;43191983;35702574;53;0;63.8;52.8;0.0;0.0
FR;2021-08-02;341287;285410;0;0;43533270;35987984;53;0;64.3;53.2;0.0;0.0
FR;2021-08-03;398492;305141;1;0;43931762;36293125;54;0;64.9;53.6;0.0;0.0
FR;2021-08-04;384712;266324;3;0;44316474;36559449;57;0;65.5;54.0;0.0;0.0
FR;2021-08-05;366049;282428;0;0;44682523;36841877;57;0;66.0;54.4;0.0;0.0
FR;2021-08-06;359617;327204;1;0;45042140;37169081;58;0;66.6;54.9;0.0;0.0
FR;2021-08-07;213064;210209;3;0;45255204;37379290;61;0;66.9;55.2;0.0;0.0
FR;2021-08-08;74147;73702;0;0;45329351;37452992;61;0;67.0;55.3;0.0;0.0
FR;2021-08-09;258640;298381;3;0;45587991;37751373;64;0;67.4;55.8;0.0;0.0
FR;2021-08-10;306737;324398;1;0;45894728;38075771;65;0;67.8;56.3;0.0;0.0
FR;2021-08-11;279619;302337;1;0;46174347;38378108;66;0;68.2;56.7;0.0;0.0
FR;2021-08-12;271450;321027;1;0;46445797;38699135;67;0;68.6;57.2;0.0;0.0
FR;2021-08-13;252075;317067;2;0;46697872;39016202;69;0;69.0;57.7;0.0;0.0
FR;2021-08-14;145303;219324;0;0;46843175;39235526;69;0;69.2;58.0;0.0;0.0
FR;2021-08-15;39329;55721;0;0;46882504;39291247;69;0;69.3;58.1;0.0;0.0
FR;2021-08-16;186095;346149;0;0;47068599;39637396;69;0;69.5;58.6;0.0;0.0
FR;2021-08-17;215597;369676;1;0;47284196;40007072;70;0;69.9;59.1;0.0;0.0
FR;2021-08-18;198977;355137;4;0;47483173;40362209;74;0;70.2;59.6;0.0;0.0
FR;2021-08-19;191946;356537;0;0;47675119;40718746;74;0;70.4;60.2;0.0;0.0
FR;2021-08-20;186393;397161;2;0;47861512;41115907;76;0;70.7;60.8;0.0;0.0
FR;2021-08-21;104775;254671;0;0;47966287;41370578;76;0;70.9;61.1;0.0;0.0
FR;2021-08-22;31897;92186;1;0;47998184;41462764;77;0;70.9;61.3;0.0;0.0
FR;2021-08-23;140920;380068;1;0;48139104;41842832;78;0;71.1;61.8;0.0;0.0
FR;2021-08-24;162429;403424;1;0;48301533;42246256;79;0;71.4;62.4;0.0;0.0
FR;2021-08-25;151085;375904;3;0;48452618;42622160;82;0;71.6;63.0;0.0;0.0
FR;2021-08-26;142796;368139;1;0;48595414;42990299;83;0;71.8;63.5;0.0;0.0
FR;2021-08-27;148393;415520;3;0;48743807;43405819;86;0;72.0;64.1;0.0;0.0
FR;2021-08-28;90632;265191;0;0;48834439;43671010;86;0;72.2;64.5;0.0;0.0
FR;2021-08-29;27308;88376;0;0;48861747;43759386;86;0;72.2;64.7;0.0;0.0
FR;2021-08-30;117346;342588;5999;0;48979093;44101974;6085;0;72.4;65.2;0.0;0.0
FR;2021-08-31;128728;354104;11843;2;49107821;44456078;17928;2;72.6;65.7;0.0;0.0
FR;2021-09-01;135875;302630;24352;1;49243696;44758708;42280;3;72.8;66.1;0.1;0.0
FR;2021-09-02;113342;262402;28923;0;49357038;45021110;71203;3;72.9;66.5;0.1;0.0
FR;2021-09-03;118235;309601;32996;4;49475273;45330711;104199;7;73.1;67.0;0.2;0.0
FR;2021-09-04;89863;230643;14095;6;49565136;45561354;118294;13;73.2;67.3;0.2;0.0
FR;2021-09-05;21349;48333;4719;0;49586485;45609687;123013;13;73.3;67.4;0.2;0.0
FR;2021-09-06;75379;191061;34263;2;49661864;45800748;157276;15;73.4;67.7;0.2;0.0
FR;2021-09-07;80207;191390;36171;2;49742071;45992138;193447;17;73.5;68.0;0.3;0.0
FR;2021-09-08;90487;216824;32490;5;49832558;46208962;225937;22;73.6;68.3;0.3;0.0
FR;2021-09-09;76814;174418;36560;15;49909372;46383380;262497;37;73.7;68.5;0.4;0.0
FR;2021-09-10;95842;215184;40576;12;50005214;46598564;303073;49;73.9;68.9;0.4;0.0
FR;2021-09-11;67025;178270;14344;2;50072239;46776834;317417;51;74.0;69.1;0.5;0.0
FR;2021-09-12;12813;34157;3168;2;50085052;46810991;320585;53;74.0;69.2;0.5;0.0
FR;2021-09-13;64475;134520;44104;26;50149527;46945511;364689;79;74.1;69.4;0.5;0.0
FR;2021-09-14;73399;136176;62185;54;50222926;47081687;426874;133;74.2;69.6;0.6;0.0
FR;2021-09-15;76516;174843;54801;95;50299442;47256530;481675;228;74.3;69.8;0.7;0.0
FR;2021-09-16;63789;117985;60053;117;50363231;47374515;541728;345;74.4;70.0;0.8;0.0
FR;2021-09-17;75012;159828;57260;85;50438243;47534343;598988;430;74.5;70.2;0.9;0.0
FR;2021-09-18;48204;144337;17293;23;50486447;47678680;616281;453;74.6;70.4;0.9;0.0
FR;2021-09-19;7871;24924;2618;3;50494318;47703604;618899;456;74.6;70.5;0.9;0.0
FR;2021-09-20;44492;96406;50311;53;50538810;47800010;669210;509;74.7;70.6;1.0;0.0
FR;2021-09-21;45842;98494;63407;118;50584652;47898504;732617;627;74.7;70.8;1.1;0.0
FR;2021-09-22;48641;144862;55376;63;50633293;48043366;787993;690;74.8;71.0;1.2;0.0
FR;2021-09-23;43216;91285;63510;113;50676509;48134651;851503;803;74.9;71.1;1.3;0.0
FR;2021-09-24;52262;132507;59134;95;50728771;48267158;910637;898;75.0;71.3;1.3;0.0
FR;2021-09-25;35204;118623;18272;25;50763975;48385781;928909;923;75.0;71.5;1.4;0.0
FR;2021-09-26;5532;18687;2331;5;50769507;48404468;931240;928;75.0;71.5;1.4;0.0
FR;2021-09-27;33938;78845;48148;103;50803445;48483313;979388;1031;75.1;71.6;1.4;0.0
FR;2021-09-28;36480;74408;56512;75;50839925;48557721;1035900;1106;75.1;71.7;1.5;0.0
FR;2021-09-29;44359;103001;54833;66;50884284;48660722;1090733;1172;75.2;71.9;1.6;0.0
FR;2021-09-30;36291;71477;59523;75;50920575;48732199;1150256;1247;75.2;72.0;1.7;0.0
FR;2021-10-01;61624;100309;63781;46;50982199;48832508;1214037;1293;75.3;72.2;1.8;0.0
FR;2021-10-02;39442;81731;23331;18;51021641;48914239;1237368;1311;75.4;72.3;1.8;0.0
FR;2021-10-03;5282;11273;2541;4;51026923;48925512;1239909;1315;75.4;72.3;1.8;0.0
FR;2021-10-04;35105;59590;54787;78;51062028;48985102;1294696;1393;75.4;72.4;1.9;0.0
FR;2021-10-05;33792;62186;64966;64;51095820;49047288;1359662;1457;75.5;72.5;2.0;0.0
FR;2021-10-06;42647;80269;68280;37;51138467;49127557;1427942;1494;75.6;72.6;2.1;0.0
FR;2021-10-07;30489;59509;68711;76;51168956;49187066;1496653;1570;75.6;72.7;2.2;0.0
FR;2021-10-08;49201;89903;84665;56;51218157;49276969;1581318;1626;75.7;72.8;2.3;0.0
FR;2021-10-09;33642;64157;33884;18;51251799;49341126;1615202;1644;75.7;72.9;2.4;0.0
FR;2021-10-10;4686;7934;3481;2;51256485;49349060;1618683;1646;75.7;72.9;2.4;0.0
FR;2021-10-11;30670;50652;64037;90;51287155;49399712;1682720;1736;75.8;73.0;2.5;0.0
FR;2021-10-12;31552;51403;75872;50;51318707;49451115;1758592;1786;75.8;73.1;2.6;0.0
FR;2021-10-13;40071;62859;79287;43;51358778;49513974;1837879;1829;75.9;73.2;2.7;0.0
FR;2021-10-14;30273;49744;73779;46;51389051;49563718;1911658;1875;75.9;73.2;2.8;0.0
FR;2021-10-15;44801;70480;102935;53;51433852;49634198;2014593;1928;76.0;73.3;3.0;0.0
FR;2021-10-16;31294;46735;39616;21;51465146;49680933;2054209;1949;76.0;73.4;3.0;0.0
FR;2021-10-17;3833;5687;3689;3;51468979;49686620;2057898;1952;76.1;73.4;3.0;0.0
FR;2021-10-18;28592;42648;71362;35;51497571;49729268;2129260;1987;76.1;73.5;3.1;0.0
FR;2021-10-19;27128;42873;81628;66;51524699;49772141;2210888;2053;76.1;73.5;3.3;0.0
FR;2021-10-20;35266;51920;101502;81;51559965;49824061;2312390;2134;76.2;73.6;3.4;0.0
FR;2021-10-21;25991;42003;89130;45;51585956;49866064;2401520;2179;76.2;73.7;3.5;0.0
FR;2021-10-22;38301;59382;112530;85;51624257;49925446;2514050;2264;76.3;73.8;3.7;0.0
FR;2021-10-23;26990;42454;48607;19;51651247;49967900;2562657;2283;76.3;73.8;3.8;0.0
FR;2021-10-24;2913;5015;3937;1;51654160;49972915;2566594;2284;76.3;73.8;3.8;0.0
FR;2021-10-25;25994;35605;86627;60;51680154;50008520;2653221;2344;76.4;73.9;3.9;0.0
FR;2021-10-26;23703;32281;92331;45;51703857;50040801;2745552;2389;76.4;73.9;4.1;0.0
FR;2021-10-27;30057;44191;114661;67;51733914;50084992;2860213;2456;76.4;74.0;4.2;0.0
FR;2021-10-28;23559;31272;94423;54;51757473;50116264;2954636;2510;76.5;74.1;4.4;0.0
FR;2021-10-29;31555;46600;125308;74;51789028;50162864;3079944;2584;76.5;74.1;4.6;0.0
FR;2021-10-30;20543;32955;53362;25;51809571;50195819;3133306;2609;76.6;74.2;4.6;0.0
FR;2021-10-31;2483;3854;3873;3;51812054;50199673;3137179;2612;76.6;74.2;4.6;0.0
FR;2021-11-01;8346;5004;3567;10;51820400;50204677;3140746;2622;76.6;74.2;4.6;0.0
FR;2021-11-02;25556;36359;99518;59;51845956;50241036;3240264;2681;76.6;74.2;4.8;0.0
FR;2021-11-03;29959;43660;125819;86;51875915;50284696;3366083;2767;76.7;74.3;5.0;0.0
FR;2021-11-04;23739;31662;114365;59;51899654;50316358;3480448;2826;76.7;74.3;5.1;0.0
FR;2021-11-05;32325;44753;151301;80;51931979;50361111;3631749;2906;76.7;74.4;5.4;0.0
FR;2021-11-06;21507;32466;68262;34;51953486;50393577;3700011;2940;76.8;74.5;5.5;0.0
FR;2021-11-07;2385;4027;5590;8;51955871;50397604;3705601;2948;76.8;74.5;5.5;0.0
FR;2021-11-08;20520;31057;134261;64;51976391;50428661;3839862;3012;76.8;74.5;5.7;0.0
FR;2021-11-09;22333;33045;172201;97;51998724;50461706;4012063;3109;76.8;74.6;5.9;0.0
FR;2021-11-10;31507;44285;198728;116;52030231;50505991;4210791;3225;76.9;74.6;6.2;0.0
FR;2021-11-11;4454;5887;13942;19;52034685;50511878;4224733;3244;76.9;74.6;6.2;0.0
FR;2021-11-12;29046;41850;197308;119;52063731;50553728;4422041;3363;76.9;74.7;6.5;0.0
FR;2021-11-13;20333;28343;86296;55;52084064;50582071;4508337;3418;77.0;74.7;6.7;0.0
FR;2021-11-14;2342;3390;7866;10;52086406;50585461;4516203;3428;77.0;74.7;6.7;0.0
FR;2021-11-15;20424;28011;171518;97;52106830;50613472;4687721;3525;77.0;74.8;6.9;0.0
FR;2021-11-16;23536;27975;214949;145;52130366;50641447;4902670;3670;77.0;74.8;7.2;0.0
FR;2021-11-17;30419;36657;212841;121;52160785;50678104;5115511;3791;77.1;74.9;7.6;0.0
FR;2021-11-18;23399;29017;205498;116;52184184;50707121;5321009;3907;77.1;74.9;7.9;0.0
FR;2021-11-19;33590;40075;262118;180;52217774;50747196;5583127;4087;77.2;75.0;8.2;0.0
FR;2021-11-20;25392;29376;109690;59;52243166;50776572;5692817;4146;77.2;75.0;8.4;0.0
FR;2021-11-21;2629;3469;10632;19;52245795;50780041;5703449;4165;77.2;75.0;8.4;0.0
FR;2021-11-22;22762;19168;194790;87;52268557;50799209;5898239;4252;77.2;75.1;8.7;0.0
FR;2021-11-23;25598;24379;247769;83;52294155;50823588;6146008;4335;77.3;75.1;9.1;0.0
FR;2021-11-24;31783;34759;243174;80;52325938;50858347;6389182;4415;77.3;75.1;9.4;0.0
FR;2021-11-25;25473;25213;277681;110;52351411;50883560;6666863;4525;77.4;75.2;9.9;0.0
FR;2021-11-26;33223;37773;414567;162;52384634;50921333;7081430;4687;77.4;75.2;10.5;0.0
FR;2021-11-27;23391;28661;236628;146;52408025;50949994;7318058;4833;77.4;75.3;10.8;0.0
FR;2021-11-28;3500;4117;63337;41;52411525;50954111;7381395;4874;77.4;75.3;10.9;0.0
FR;2021-11-29;19397;23384;371629;177;52430922;50977495;7753024;5051;77.5;75.3;11.5;0.0
FR;2021-11-30;24740;27222;500720;283;52455662;51004717;8253744;5334;77.5;75.4;12.2;0.0
FR;2021-12-01;27165;31813;511267;298;52482827;51036530;8765011;5632;77.5;75.4;13.0;0.0
FR;2021-12-02;22056;21489;574777;304;52504883;51058019;9339788;5936;77.6;75.4;13.8;0.0
FR;2021-12-03;25520;34283;651075;329;52530403;51092302;9990863;6265;77.6;75.5;14.8;0.0
FR;2021-12-04;18305;25925;369740;213;52548708;51118227;10360603;6478;77.6;75.5;15.3;0.0
FR;2021-12-05;4150;4936;107057;94;52552858;51123163;10467660;6572;77.7;75.5;15.5;0.0
FR;2021-12-06;26274;25660;539871;381;52579132;51148823;11007531;6953;77.7;75.6;16.3;0.0
FR;2021-12-07;23447;29095;706268;409;52602579;51177918;11713799;7362;77.7;75.6;17.3;0.0
FR;2021-12-08;25424;35418;647426;438;52628003;51213336;12361225;7800;77.8;75.7;18.3;0.0
FR;2021-12-09;24025;29441;726306;458;52652028;51242777;13087531;8258;77.8;75.7;19.3;0.0
FR;2021-12-10;27991;38421;806068;463;52680019;51281198;13893599;8721;77.8;75.8;20.5;0.0
FR;2021-12-11;20240;30025;480355;349;52700259;51311223;14373954;9070;77.9;75.8;21.2;0.0
FR;2021-12-12;5627;6484;159222;108;52705886;51317707;14533176;9178;77.9;75.8;21.5;0.0
FR;2021-12-13;21325;30162;649221;395;52727211;51347869;15182397;9573;77.9;75.9;22.4;0.0
FR;2021-12-14;27828;35919;847444;693;52755039;51383788;16029841;10266;78.0;75.9;23.7;0.0
FR;2021-12-15;28360;39959;768991;493;52783399;51423747;16798832;10759;78.0;76.0;24.8;0.0
FR;2021-12-16;27995;35627;844351;506;52811394;51459374;17643183;11265;78.0;76.0;26.1;0.0
FR;2021-12-17;31591;43865;892009;595;52842985;51503239;18535192;11860;78.1;76.1;27.4;0.0
FR;2021-12-18;24922;30286;522197;362;52867907;51533525;19057389;12222;78.1;76.1;28.2;0.0
FR;2021-12-19;8753;7965;191118;139;52876660;51541490;19248507;12361;78.1;76.2;28.4;0.0
FR;2021-12-20;31707;34297;658681;492;52908367;51575787;19907188;12853;78.2;76.2;29.4;0.0
FR;2021-12-21;39284;39273;759522;579;52947651;51615060;20666710;13432;78.2;76.3;30.5;0.0
FR;2021-12-22;39495;37504;642113;697;52987146;51652564;21308823;14129;78.3;76.3;31.5;0.0
FR;2021-12-23;33764;30477;494366;590;53020910;51683041;21803189;14719;78.3;76.4;32.2;0.0
FR;2021-12-24;10677;11742;126665;239;53031587;51694783;21929854;14958;78.4;76.4;32.4;0.0
FR;2021-12-25;771;1986;9033;72;53032358;51696769;21938887;15030;78.4;76.4;32.4;0.0
FR;2021-12-26;4697;4750;60130;169;53037055;51701519;21999017;15199;78.4;76.4;32.5;0.0
FR;2021-12-27;30422;33235;509137;672;53067477;51734754;22508154;15871;78.4;76.4;33.3;0.0
FR;2021-12-28;38332;35405;632202;1555;53105809;51770159;23140356;17426;78.5;76.5;34.2;0.0
FR;2021-12-29;39858;33352;560965;1752;53145667;51803511;23701321;19178;78.5;76.5;35.0;0.0
FR;2021-12-30;35905;29688;471116;1880;53181572;51833199;24172437;21058;78.6;76.6;35.7;0.0
FR;2021-12-31;12041;11352;131649;741;53193613;51844551;24304086;21799;78.6;76.6;35.9;0.0
FR;2022-01-01;1458;1784;9934;101;53195071;51846335;24314020;21900;78.4;76.4;35.8;0.0
FR;2022-01-02;6091;5087;66941;409;53201162;51851422;24380961;22309;78.4;76.4;35.9;0.0
FR;2022-01-03;34825;36907;551593;2643;53235987;51888329;24932554;24952;78.4;76.5;36.7;0.0
FR;2022-01-04;41394;40683;714265;3838;53277381;51929012;25646819;28790;78.5;76.5;37.8;0.0
FR;2022-01-05;60652;43693;634101;3438;53338033;51972705;26280920;32228;78.6;76.6;38.7;0.0
FR;2022-01-06;44185;40221;711399;4565;53382218;52012926;26992319;36793;78.7;76.6;39.8;0.1
FR;2022-01-07;50763;46810;790400;5003;53432981;52059736;27782719;41796;78.7;76.7;40.9;0.1
FR;2022-01-08;44985;35065;472863;2445;53477966;52094801;28255582;44241;78.8;76.8;41.6;0.1
FR;2022-01-09;15597;11486;145683;829;53493563;52106287;28401265;45070;78.8;76.8;41.9;0.1
FR;2022-01-10;35282;42113;522616;3721;53528845;52148400;28923881;48791;78.9;76.8;42.6;0.1
FR;2022-01-11;41759;42438;608445;5218;53570604;52190838;29532326;54009;78.9;76.9;43.5;0.1
FR;2022-01-12;60292;49441;504268;4495;53630896;52240279;30036594;58504;79.0;77.0;44.3;0.1
FR;2022-01-13;38155;40475;540980;5463;53669051;52280754;30577574;63967;79.1;77.0;45.1;0.1
FR;2022-01-14;42536;43481;628975;6460;53711587;52324235;31206549;70427;79.1;77.1;46.0;0.1
FR;2022-01-15;39369;31370;377564;3293;53750956;52355605;31584113;73720;79.2;77.1;46.5;0.1
FR;2022-01-16;11385;9010;99441;762;53762341;52364615;31683554;74482;79.2;77.2;46.7;0.1
FR;2022-01-17;24697;28087;354162;3967;53787038;52392702;32037716;78449;79.3;77.2;47.2;0.1
FR;2022-01-18;28198;31935;397519;5770;53815236;52424637;32435235;84219;79.3;77.3;47.8;0.1
FR;2022-01-19;43172;40394;311061;4386;53858408;52465031;32746296;88605;79.4;77.3;48.3;0.1
FR;2022-01-20;23576;29501;328465;5628;53881984;52494532;33074761;94233;79.4;77.4;48.7;0.1
FR;2022-01-21;28170;33072;401157;6578;53910154;52527604;33475918;100811;79.4;77.4;49.3;0.1
FR;2022-01-22;27614;27311;241751;2840;53937768;52554915;33717669;103651;79.5;77.4;49.7;0.2
FR;2022-01-23;6708;7520;55179;590;53944476;52562435;33772848;104241;79.5;77.5;49.8;0.2
FR;2022-01-24;16254;25372;239320;4094;53960730;52587807;34012168;108335;79.5;77.5;50.1;0.2
FR;2022-01-25;18978;28836;267058;6063;53979708;52616643;34279226;114398;79.5;77.5;50.5;0.2
FR;2022-01-26;28136;41234;229395;4475;54007844;52657877;34508621;118873;79.6;77.6;50.8;0.2
FR;2022-01-27;16311;25942;225867;5696;54024155;52683819;34734488;124569;79.6;77.6;51.2;0.2
FR;2022-01-28;21554;43227;321438;7414;54045709;52727046;35055926;131983;79.6;77.7;51.7;0.2
FR;2022-01-29;18411;32692;204568;3249;54064120;52759738;35260494;135232;79.7;77.7;52.0;0.2
FR;2022-01-30;4467;9134;45087;640;54068587;52768872;35305581;135872;79.7;77.8;52.0;0.2
FR;2022-01-31;11238;26007;164780;4240;54079825;52794879;35470361;140112;79.7;77.8;52.3;0.2
FR;2022-02-01;13303;27259;191387;7095;54093128;52822138;35661748;147207;79.7;77.8;52.5;0.2
FR;2022-02-02;20310;45933;190157;5996;54113438;52868071;35851905;153203;79.7;77.9;52.8;0.2
FR;2022-02-03;11278;24897;173309;6968;54124716;52892968;36025214;160171;79.8;77.9;53.1;0.2
FR;2022-02-04;14589;36057;264182;9209;54139305;52929025;36289396;169380;79.8;78.0;53.5;0.2
FR;2022-02-05;12886;31982;172346;3818;54152191;52961007;36461742;173198;79.8;78.0;53.7;0.3
FR;2022-02-06;2712;7306;33828;663;54154903;52968313;36495570;173861;79.8;78.1;53.8;0.3
FR;2022-02-07;9497;24550;176323;5288;54164400;52992863;36671893;179149;79.8;78.1;54.0;0.3
FR;2022-02-08;9674;20768;184355;7050;54174074;53013631;36856248;186199;79.8;78.1;54.3;0.3
FR;2022-02-09;14237;35195;193003;5780;54188311;53048826;37049251;191979;79.8;78.2;54.6;0.3
FR;2022-02-10;8371;18133;166645;6501;54196682;53066959;37215896;198480;79.9;78.2;54.8;0.3
FR;2022-02-11;10793;25707;243032;8323;54207475;53092666;37458928;206803;79.9;78.2;55.2;0.3
FR;2022-02-12;8359;22588;151722;3503;54215834;53115254;37610650;210306;79.9;78.3;55.4;0.3
FR;2022-02-13;1898;4402;30913;543;54217732;53119656;37641563;210849;79.9;78.3;55.5;0.3
FR;2022-02-14;6931;14597;166334;4778;54224663;53134253;37807897;215627;79.9;78.3;55.7;0.3
FR;2022-02-15;6899;15532;162501;6849;54231562;53149785;37970398;222476;79.9;78.3;56.0;0.3
FR;2022-02-16;9331;25826;146715;5723;54240893;53175611;38117113;228199;79.9;78.4;56.2;0.3
FR;2022-02-17;5440;13002;94828;5404;54246333;53188613;38211941;233603;79.9;78.4;56.3;0.3
FR;2022-02-18;6943;18666;129283;7400;54253276;53207279;38341224;241003;79.9;78.4;56.5;0.4
FR;2022-02-19;5360;15879;77319;3020;54258636;53223158;38418543;244023;80.0;78.4;56.6;0.4
FR;2022-02-20;1145;2905;13930;460;54259781;53226063;38432473;244483;80.0;78.4;56.6;0.4
FR;2022-02-21;4043;10137;67157;4059;54263824;53236200;38499630;248542;80.0;78.4;56.7;0.4
FR;2022-02-22;4388;11181;64431;5249;54268212;53247381;38564061;253791;80.0;78.5;56.8;0.4
FR;2022-02-23;6528;19549;71877;4592;54274740;53266930;38635938;258383;80.0;78.5;56.9;0.4
FR;2022-02-24;3767;9371;53216;4529;54278507;53276301;38689154;262912;80.0;78.5;57.0;0.4
FR;2022-02-25;5235;14862;80026;7330;54283742;53291163;38769180;270242;80.0;78.5;57.1;0.4
FR;2022-02-26;3978;12155;51461;3084;54287720;53303318;38820641;273326;80.0;78.5;57.2;0.4
FR;2022-02-27;875;1969;8936;529;54288595;53305287;38829577;273855;80.0;78.5;57.2;0.4
FR;2022-02-28;3085;7512;42895;3852;54291680;53312799;38872472;277707;80.0;78.6;57.3;0.4
FR;2022-03-01;3596;7445;44801;5514;54295276;53320244;38917273;283221;80.0;78.6;57.3;0.4
FR;2022-03-02;5198;12706;49027;4920;54300474;53332950;38966300;288141;80.0;78.6;57.4;0.4
FR;2022-03-03;2731;6111;29965;4047;54303205;53339061;38996265;292188;80.0;78.6;57.5;0.4
FR;2022-03-04;3197;8324;39422;6225;54306402;53347385;39035687;298413;80.0;78.6;57.5;0.4
FR;2022-03-05;3062;7097;25097;3129;54309464;53354482;39060784;301542;80.0;78.6;57.6;0.4
FR;2022-03-06;513;1016;3435;379;54309977;53355498;39064219;301921;80.0;78.6;57.6;0.4
FR;2022-03-07;2172;3771;17675;3302;54312149;53359269;39081894;305223;80.0;78.6;57.6;0.4
FR;2022-03-08;2031;4235;17882;4091;54314180;53363504;39099776;309314;80.0;78.6;57.6;0.5
FR;2022-03-09;3497;8602;21250;4033;54317677;53372106;39121026;313347;80.0;78.6;57.6;0.5
FR;2022-03-10;1730;3997;15774;3400;54319407;53376103;39136800;316747;80.0;78.7;57.7;0.5
FR;2022-03-11;2354;5318;22241;5473;54321761;53381421;39159041;322220;80.0;78.7;57.7;0.5
FR;2022-03-12;2657;5480;16505;3131;54324418;53386901;39175546;325351;80.0;78.7;57.7;0.5
FR;2022-03-13;390;594;2266;531;54324808;53387495;39177812;325882;80.1;78.7;57.7;0.5
FR;2022-03-14;1486;2730;13808;7284;54326294;53390225;39191620;333166;80.1;78.7;57.8;0.5
FR;2022-03-15;1618;3121;14418;11023;54327912;53393346;39206038;344189;80.1;78.7;57.8;0.5
FR;2022-03-16;2971;5989;18063;16287;54330883;53399335;39224101;360476;80.1;78.7;57.8;0.5
FR;2022-03-17;1393;2628;11957;13300;54332276;53401963;39236058;373776;80.1;78.7;57.8;0.6
FR;2022-03-18;2220;3966;18053;22022;54334496;53405929;39254111;395798;80.1;78.7;57.8;0.6
FR;2022-03-19;2287;4094;12410;11404;54336783;53410023;39266521;407202;80.1;78.7;57.9;0.6
FR;2022-03-20;294;510;1926;1338;54337077;53410533;39268447;408540;80.1;78.7;57.9;0.6
FR;2022-03-21;1350;2090;11923;16903;54338427;53412623;39280370;425443;80.1;78.7;57.9;0.6
FR;2022-03-22;1468;2465;12525;22816;54339895;53415088;39292895;448259;80.1;78.7;57.9;0.7
FR;2022-03-23;2650;5088;17199;25252;54342545;53420176;39310094;473511;80.1;78.7;57.9;0.7
FR;2022-03-24;1365;2061;10634;19361;54343910;53422237;39320728;492872;80.1;78.7;57.9;0.7
FR;2022-03-25;2053;3404;16854;30780;54345963;53425641;39337582;523652;80.1;78.7;58.0;0.8
FR;2022-03-26;2219;3831;11506;14385;54348182;53429472;39349088;538037;80.1;78.7;58.0;0.8
FR;2022-03-27;354;501;1926;1736;54348536;53429973;39351014;539773;80.1;78.7;58.0;0.8
FR;2022-03-28;1418;2068;10595;19039;54349954;53432041;39361609;558812;80.1;78.7;58.0;0.8
FR;2022-03-29;1431;2056;12030;29248;54351385;53434097;39373639;588060;80.1;78.7;58.0;0.9
FR;2022-03-30;2829;4580;15045;29274;54354214;53438677;39388684;617334;80.1;78.7;58.0;0.9
FR;2022-03-31;1604;2260;12285;26545;54355818;53440937;39400969;643879;80.1;78.7;58.1;0.9
FR;2022-04-01;2284;2877;18643;33440;54358102;53443814;39419612;677319;80.1;78.8;58.1;1.0
FR;2022-04-02;1510;1981;8701;11276;54359612;53445795;39428313;688595;80.1;78.8;58.1;1.0
FR;2022-04-03;282;344;1574;1378;54359894;53446139;39429887;689973;80.1;78.8;58.1;1.0
FR;2022-04-04;1588;1701;11502;20550;54361482;53447840;39441389;710523;80.1;78.8;58.1;1.0
FR;2022-04-05;1673;1890;13146;35636;54363155;53449730;39454535;746159;80.1;78.8;58.1;1.1
FR;2022-04-06;2060;2797;12757;27852;54365215;53452527;39467292;774011;80.1;78.8;58.2;1.1
FR;2022-04-07;1448;1810;12833;35063;54366663;53454337;39480125;809074;80.1;78.8;58.2;1.2
FR;2022-04-08;2025;2456;17776;46083;54368688;53456793;39497901;855157;80.1;78.8;58.2;1.3
FR;2022-04-09;1357;1881;8848;14783;54370045;53458674;39506749;869940;80.1;78.8;58.2;1.3
FR;2022-04-10;282;377;1993;2258;54370327;53459051;39508742;872198;80.1;78.8;58.2;1.3
FR;2022-04-11;1203;1510;11436;25005;54371530;53460561;39520178;897203;80.1;78.8;58.2;1.3
FR;2022-04-12;1598;1694;13332;41556;54373128;53462255;39533510;938759;80.1;78.8;58.3;1.4
FR;2022-04-13;1873;2483;12971;33947;54375001;53464738;39546481;972706;80.1;78.8;58.3;1.4
FR;2022-04-14;1448;1675;12973;36756;54376449;53466413;39559454;1009462;80.1;78.8;58.3;1.5
FR;2022-04-15;1812;2142;14818;37027;54378261;53468555;39574272;1046489;80.1;78.8;58.3;1.5
FR;2022-04-16;1034;1241;6228;9415;54379295;53469796;39580500;1055904;80.1;78.8;58.3;1.6
FR;2022-04-17;186;204;1030;1237;54379481;53470000;39581530;1057141;80.1;78.8;58.3;1.6
FR;2022-04-18;158;269;2773;1280;54379639;53470269;39584303;1058421;80.1;78.8;58.3;1.6
FR;2022-04-19;1490;1791;12395;30551;54381129;53472060;39596698;1088972;80.1;78.8;58.3;1.6
FR;2022-04-20;1936;2482;12924;29973;54383065;53474542;39609622;1118945;80.1;78.8;58.4;1.6
FR;2022-04-21;1481;1734;12494;35544;54384546;53476276;39622116;1154489;80.1;78.8;58.4;1.7
FR;2022-04-22;1835;2299;15800;39020;54386381;53478575;39637916;1193509;80.1;78.8;58.4;1.8
FR;2022-04-23;1134;1448;7218;11432;54387515;53480023;39645134;1204941;80.1;78.8;58.4;1.8
FR;2022-04-24;247;311;1408;1843;54387762;53480334;39646542;1206784;80.1;78.8;58.4;1.8
FR;2022-04-25;1263;1541;10467;21943;54389025;53481875;39657009;1228727;80.1;78.8;58.4;1.8
FR;2022-04-26;1576;1912;13075;39242;54390601;53483787;39670084;1267969;80.1;78.8;58.5;1.9
FR;2022-04-27;1924;2225;11553;31264;54392525;53486012;39681637;1299233;80.1;78.8;58.5;1.9
FR;2022-04-28;1537;1737;12217;36264;54394062;53487749;39693854;1335497;80.2;78.8;58.5;2.0
FR;2022-04-29;1972;2404;14865;38542;54396034;53490153;39708719;1374039;80.2;78.8;58.5;2.0
FR;2022-04-30;1196;1296;6736;10575;54397230;53491449;39715455;1384614;80.2;78.8;58.5;2.0
FR;2022-05-01;206;217;896;1132;54397436;53491666;39716351;1385746;80.2;78.8;58.5;2.0
FR;2022-05-02;1235;1623;10870;18879;54398671;53493289;39727221;1404625;80.2;78.8;58.5;2.1
FR;2022-05-03;1789;1970;13470;35414;54400460;53495259;39740691;1440039;80.2;78.8;58.6;2.1
FR;2022-05-04;1834;2108;12206;26039;54402294;53497367;39752897;1466078;80.2;78.8;58.6;2.2
FR;2022-05-05;1639;1713;12637;33936;54403933;53499080;39765534;1500014;80.2;78.8;58.6;2.2
FR;2022-05-06;2076;2217;14755;38065;54406009;53501297;39780289;1538079;80.2;78.8;58.6;2.3
FR;2022-05-07;1188;1242;6428;10317;54407197;53502539;39786717;1548396;80.2;78.8;58.6;2.3
FR;2022-05-08;259;283;1226;1638;54407456;53502822;39787943;1550034;80.2;78.8;58.6;2.3
FR;2022-05-09;1266;1277;9753;21029;54408722;53504099;39797696;1571063;80.2;78.8;58.6;2.3
FR;2022-05-10;1666;1783;12986;39741;54410388;53505882;39810682;1610804;80.2;78.8;58.7;2.4
FR;2022-05-11;1942;2064;10578;28295;54412330;53507946;39821260;1639099;80.2;78.8;58.7;2.4
FR;2022-05-12;1527;1592;10926;36185;54413857;53509538;39832186;1675284;80.2;78.8;58.7;2.5
FR;2022-05-13;1946;1973;13285;38927;54415803;53511511;39845471;1714211;80.2;78.9;58.7;2.5
FR;2022-05-14;1134;1150;5773;11315;54416937;53512661;39851244;1725526;80.2;78.9;58.7;2.5
FR;2022-05-15;273;265;1337;1587;54417210;53512926;39852581;1727113;80.2;78.9;58.7;2.5
FR;2022-05-16;1166;1154;8609;21414;54418376;53514080;39861190;1748527;80.2;78.9;58.7;2.6
FR;2022-05-17;1540;1559;11342;38471;54419916;53515639;39872532;1786998;80.2;78.9;58.8;2.6
FR;2022-05-18;1757;1840;9598;27612;54421673;53517479;39882130;1814610;80.2;78.9;58.8;2.7
FR;2022-05-19;1398;1520;10603;35759;54423071;53518999;39892733;1850369;80.2;78.9;58.8;2.7
FR;2022-05-20;1838;1988;12744;40214;54424909;53520987;39905477;1890583;80.2;78.9;58.8;2.8
FR;2022-05-21;1144;1281;5515;10520;54426053;53522268;39910992;1901103;80.2;78.9;58.8;2.8
FR;2022-05-22;235;255;1005;1567;54426288;53522523;39911997;1902670;80.2;78.9;58.8;2.8
FR;2022-05-23;1140;1302;8742;20869;54427428;53523825;39920739;1923539;80.2;78.9;58.8;2.8
FR;2022-05-24;1503;1668;11128;39155;54428931;53525493;39931867;1962694;80.2;78.9;58.8;2.9
FR;2022-05-25;1788;1981;9392;25159;54430719;53527474;39941259;1987853;80.2;78.9;58.9;2.9
FR;2022-05-26;186;195;1634;1287;54430905;53527669;39942893;1989140;80.2;78.9;58.9;2.9
FR;2022-05-27;1346;1572;8944;22237;54432251;53529241;39951837;2011377;80.2;78.9;58.9;3.0
FR;2022-05-28;659;815;3952;7180;54432910;53530056;39955789;2018557;80.2;78.9;58.9;3.0
FR;2022-05-29;143;192;762;1023;54433053;53530248;39956551;2019580;80.2;78.9;58.9;3.0
FR;2022-05-30;992;1192;6967;19717;54434045;53531440;39963518;2039297;80.2;78.9;58.9;3.0
FR;2022-05-31;1464;1516;9585;36175;54435509;53532956;39973103;2075472;80.2;78.9;58.9;3.1
FR;2022-06-01;1575;1906;10704;25226;54437084;53534862;39983807;2100698;80.2;78.9;58.9;3.1
FR;2022-06-02;1407;1596;10615;36252;54438491;53536458;39994422;2136950;80.2;78.9;58.9;3.1
FR;2022-06-03;1612;1954;12541;39857;54440103;53538412;40006963;2176807;80.2;78.9;59.0;3.2
FR;2022-06-04;928;1052;4963;9571;54441031;53539464;40011926;2186378;80.2;78.9;59.0;3.2
FR;2022-06-05;165;189;877;1224;54441196;53539653;40012803;2187602;80.2;78.9;59.0;3.2
FR;2022-06-06;178;251;1999;1401;54441374;53539904;40014802;2189003;80.2;78.9;59.0;3.2
FR;2022-06-07;1327;1645;9323;36706;54442701;53541549;40024125;2225709;80.2;78.9;59.0;3.3
FR;2022-06-08;1503;1844;8805;29534;54444204;53543393;40032930;2255243;80.2;78.9;59.0;3.3
FR;2022-06-09;1248;1472;9981;40033;54445452;53544865;40042911;2295276;80.2;78.9;59.0;3.4
FR;2022-06-10;1561;1778;11921;45854;54447013;53546643;40054832;2341130;80.2;78.9;59.0;3.4
FR;2022-06-11;923;1087;5399;12164;54447936;53547730;40060231;2353294;80.2;78.9;59.0;3.5
FR;2022-06-12;184;238;1102;1849;54448120;53547968;40061333;2355143;80.2;78.9;59.0;3.5
FR;2022-06-13;1032;1204;7075;23990;54449152;53549172;40068408;2379133;80.2;78.9;59.0;3.5
FR;2022-06-14;1269;1439;9475;45915;54450421;53550611;40077883;2425048;80.2;78.9;59.1;3.6
FR;2022-06-15;1427;1734;8235;31235;54451848;53552345;40086118;2456283;80.2;78.9;59.1;3.6
FR;2022-06-16;1132;1171;8866;40603;54452980;53553516;40094984;2496886;80.2;78.9;59.1;3.7
FR;2022-06-17;1426;1669;11069;47671;54454406;53555185;40106053;2544557;80.2;78.9;59.1;3.7
FR;2022-06-18;820;988;4460;11676;54455226;53556173;40110513;2556233;80.2;78.9;59.1;3.8
FR;2022-06-19;165;179;1109;1688;54455391;53556352;40111622;2557921;80.2;78.9;59.1;3.8
FR;2022-06-20;965;1097;7740;26748;54456356;53557449;40119362;2584669;80.2;78.9;59.1;3.8
FR;2022-06-21;1268;1445;8973;51035;54457624;53558894;40128335;2635704;80.2;78.9;59.1;3.9
FR;2022-06-22;1327;1677;8109;39779;54458951;53560571;40136444;2675483;80.2;78.9;59.1;3.9
FR;2022-06-23;1182;1230;9400;55970;54460133;53561801;40145844;2731453;80.2;78.9;59.2;4.0
FR;2022-06-24;1428;1635;11639;70605;54461561;53563436;40157483;2802058;80.3;78.9;59.2;4.1
FR;2022-06-25;905;1061;5769;20669;54462466;53564497;40163252;2822727;80.3;78.9;59.2;4.2
FR;2022-06-26;219;233;1567;3922;54462685;53564730;40164819;2826649;80.3;78.9;59.2;4.2
FR;2022-06-27;1076;1084;8662;49359;54463761;53565814;40173481;2876008;80.3;78.9;59.2;4.2
FR;2022-06-28;1419;1483;12622;92588;54465180;53567297;40186103;2968596;80.3;78.9;59.2;4.4
FR;2022-06-29;1653;1767;10844;72347;54466833;53569064;40196947;3040943;80.3;78.9;59.2;4.5
FR;2022-06-30;1469;1433;11897;96527;54468302;53570497;40208844;3137470;80.3;78.9;59.2;4.6
FR;2022-07-01;1814;1752;14170;117184;54470116;53572249;40223014;3254654;80.3;78.9;59.3;4.8
FR;2022-07-02;1021;1019;6934;36527;54471137;53573268;40229948;3291181;80.3;78.9;59.3;4.8
FR;2022-07-03;288;284;1817;6633;54471425;53573552;40231765;3297814;80.3;78.9;59.3;4.9
FR;2022-07-04;1428;1345;11018;80503;54472853;53574897;40242783;3378317;80.3;78.9;59.3;5.0
FR;2022-07-05;1603;1533;14529;133319;54474456;53576430;40257312;3511636;80.3;78.9;59.3;5.2
FR;2022-07-06;1733;1612;12230;98849;54476189;53578042;40269542;3610485;80.3;78.9;59.3;5.3
FR;2022-07-07;1539;1443;13262;123370;54477728;53579485;40282804;3733855;80.3;79.0;59.4;5.5
